timestamp,instrument,timeframe,action,direction,setup_type,price,quantity,stop_loss,take_profit_1,take_profit_2,risk_amount,fees,slippage,funding,realized_pnl,account_balance_change,account_balance,confidence,intended_risk_pct,actual_risk_pct,notional_cap_applied,binding_constraint,exit_reason,trade_id
2026-06-24T09:00:00.000Z,BTCUSDT,15m,ENTRY,LONG,BREAKOUT_RETEST,62831.670135,0.031847,62211.69384,63683.13424,64271.7104,18.74,0,0,0,0,0,10000,0.55,0.5,0.1874,true,notional-cap,,BTCUSDT-1782291600000
2026-06-24T13:00:00.000Z,BTCUSDT,15m,EXIT,LONG,BREAKOUT_RETEST,62180.58799308,0.031847,62211.69384,63683.13424,64271.7104,18.74,3.981265,1.990628,0.105951,-24.822229,-24.822229,9975.177771,0.55,0.5,0.1874,true,notional-cap,stop,BTCUSDT-1782291600000
2026-06-25T13:30:00.000Z,ETHUSDT,15m,ENTRY,LONG,BREAKOUT_RETEST,1635.31725,1.2205785,1627.89228,1644.41158,1651.0193,8.07,0,0,0,0,0,9975.177771,0.55,0.5,0.0809,true,notional-cap,,ETHUSDT-1782394200000
2026-06-25T13:30:00.000Z,ETHUSDT,15m,EXIT,LONG,BREAKOUT_RETEST,1627.07833386,1.2205785,1627.89228,1644.41158,1651.0193,8.07,3.98201,1.991003,0.006075,-14.044329,-14.044329,9961.133442,0.55,0.5,0.0809,true,notional-cap,stop,ETHUSDT-1782394200000
2026-06-26T04:00:00.000Z,SOLUSDT,15m,ENTRY,LONG,BREAKOUT_RETEST,68.244105,29.20725243,67.89732,68.67902,68.9917,9.13,0,0,0,0,0,9961.133442,0.55,0.5,0.0917,true,notional-cap,,SOLUSDT-1782446400000
2026-06-26T06:15:00.000Z,SOLUSDT,15m,EXIT,LONG,BREAKOUT_RETEST,68.80094232,29.20725243,67.89732,68.67902,68.9917,9.13,4.002709,2.001359,0.062319,12.19866,12.19866,9973.332102,0.55,0.5,0.0917,true,notional-cap,tp2,SOLUSDT-1782446400000
2026-06-26T13:15:00.000Z,SOLUSDT,15m,ENTRY,LONG,BREAKOUT_RETEST,68.97447,28.93336844,68.724,69.264,69.48,6.25,0,0,0,0,0,9973.332102,0.55,0.5,0.0627,true,notional-cap,,SOLUSDT-1782479700000
2026-06-26T13:15:00.000Z,SOLUSDT,15m,EXIT,LONG,BREAKOUT_RETEST,68.689638,28.93336844,68.724,69.264,69.48,6.25,3.983086,1.991542,0.00622,-12.230455,-12.230455,9961.101647,0.55,0.5,0.0627,true,notional-cap,stop,SOLUSDT-1782479700000
2026-06-27T13:15:00.000Z,SOLUSDT,15m,ENTRY,LONG,BREAKOUT_RETEST,72.29613,27.57016786,72.02076,72.61886,72.8581,6.6,0,0,0,0,0,9961.101647,0.55,0.5,0.0662,true,notional-cap,,SOLUSDT-1782566100000
2026-06-27T14:30:00.000Z,SOLUSDT,15m,EXIT,LONG,BREAKOUT_RETEST,72.70211076,27.57016786,72.02076,72.61886,72.8581,6.6,3.997626,1.998816,0.031243,7.164089,7.164089,9968.265736,0.55,0.5,0.0662,true,notional-cap,tp2,SOLUSDT-1782566100000
2026-07-01T02:00:00.000Z,BTCUSDT,15m,ENTRY,LONG,BREAKOUT_RETEST,58804.3875,0.03392009,58266,59538.5,60047.5,17.27,0,0,0,0,0,9968.265736,0.55,0.5,0.1732,true,notional-cap,,BTCUSDT-1782871200000
2026-07-01T14:00:00.000Z,BTCUSDT,15m,EXIT,LONG,BREAKOUT_RETEST,59728.28092,0.03392009,58266,59538.5,60047.5,17.27,4.020639,2.010328,0.305939,27.01197,27.01197,9995.277706,0.55,0.5,0.1732,true,notional-cap,time,BTCUSDT-1782871200000
2026-07-02T14:30:00.000Z,BTCUSDT,15m,ENTRY,SHORT,BEARISH_DIVERGENCE,61642.42337,0.03241365,62210.35,60867.625,60330.535,17.41,0,0,0,0,0,9995.277706,0.8,0.5,0.1742,true,notional-cap,,BTCUSDT-1783002600000
2026-07-03T02:30:00.000Z,BTCUSDT,15m,EXIT,SHORT,BEARISH_DIVERGENCE,61390.68,0.03241365,62210.35,60867.625,60330.535,17.41,3.987952,1.993979,0.305528,3.866441,3.866441,9999.144147,0.8,0.5,0.1742,true,notional-cap,time,BTCUSDT-1783002600000
2026-07-02T14:45:00.000Z,ETHUSDT,15m,ENTRY,SHORT,BEARISH_DIVERGENCE,1694.5523,1.17946231,1699.75192,1688.87212,1684.5202,5.13,0,0,0,0,0,9999.144147,0.8,0.5,0.0513,true,notional-cap,,ETHUSDT-1783003500000
2026-07-02T14:45:00.000Z,ETHUSDT,15m,EXIT,SHORT,BEARISH_DIVERGENCE,1700.60179596,1.17946231,1699.75192,1688.87212,1684.5202,5.13,4.004456,2.002227,0.006272,-11.14588,-11.14588,9987.998267,0.8,0.5,0.0513,true,notional-cap,stop,ETHUSDT-1783003500000
2026-07-04T15:30:00.000Z,SOLUSDT,15m,ENTRY,LONG,BREAKOUT_RETEST,82.26111,24.29578756,81.49272,83.31092,84.0382,17.67,0,0,0,0,0,9987.998267,0.65,0.5,0.1769,true,notional-cap,,SOLUSDT-1783179000000
2026-07-04T23:15:00.000Z,SOLUSDT,15m,EXIT,LONG,BREAKOUT_RETEST,81.45197364,24.29578756,81.49272,83.31092,84.0382,17.67,3.977538,1.988765,0.199371,-23.835515,-23.835515,9964.162752,0.65,0.5,0.1769,true,notional-cap,stop,SOLUSDT-1783179000000
2026-07-07T05:45:00.000Z,SOLUSDT,15m,ENTRY,LONG,BREAKOUT_RETEST,81.0405,24.60287099,80.46684,81.79974,82.3329,13.12,0,0,0,0,0,9964.162752,0.7,0.5,0.1316,true,notional-cap,,SOLUSDT-1783403100000
2026-07-07T13:15:00.000Z,SOLUSDT,15m,EXIT,LONG,BREAKOUT_RETEST,81.37940994,24.60287099,80.46684,81.79974,82.3329,13.12,3.995996,1.998001,0.178209,4.163952,4.163952,9968.326705,0.7,0.5,0.1316,true,notional-cap,stop,SOLUSDT-1783403100000
2026-07-08T17:45:00.000Z,BTCUSDT,15m,ENTRY,LONG,BREAKOUT_RETEST,62290.879875,0.03202174,62085.24168,62521.51248,62696.0208,5.59,0,0,0,0,0,9968.326705,0.65,0.5,0.0561,true,notional-cap,,BTCUSDT-1783532700000
2026-07-08T17:45:00.000Z,BTCUSDT,15m,EXIT,LONG,BREAKOUT_RETEST,62054.19905916,0.03202174,62085.24168,62521.51248,62696.0208,5.59,3.981746,1.990871,0.006215,-11.566892,-11.566892,9956.759813,0.65,0.5,0.0561,true,notional-cap,stop,BTCUSDT-1783532700000
2026-07-09T13:30:00.000Z,BTCUSDT,15m,ENTRY,LONG,BREAKOUT_RETEST,62755.892265,0.03174758,62419.90764,63181.46354,63486.0859,9.67,0,0,0,0,0,9956.759813,0.55,0.5,0.0971,true,notional-cap,,BTCUSDT-1783603800000
2026-07-09T14:15:00.000Z,BTCUSDT,15m,EXIT,LONG,BREAKOUT_RETEST,62937.19356355,0.03174758,62419.90764,63181.46354,63486.0859,9.67,3.990451,1.995228,0.018741,1.746685,1.746685,9958.506498,0.55,0.5,0.0971,true,notional-cap,stop,BTCUSDT-1783603800000
2026-07-13T00:30:00.000Z,BTCUSDT,15m,ENTRY,LONG,BREAKOUT_RETEST,64215.541725,0.03103138,63644.4,64992.025,65531.075,16.73,0,0,0,0,0,9958.506498,0.55,0.5,0.168,true,notional-cap,,BTCUSDT-1783902600000
2026-07-13T00:30:00.000Z,BTCUSDT,15m,EXIT,LONG,BREAKOUT_RETEST,63612.5778,0.03103138,63644.4,64992.025,65531.075,16.73,3.966683,1.983337,0.006186,-22.683671,-22.683671,9935.822826,0.55,0.5,0.168,true,notional-cap,stop,BTCUSDT-1783902600000
2026-07-13T07:45:00.000Z,BTCUSDT,15m,ENTRY,LONG,BREAKOUT_RETEST,63005.94723,0.03155509,62667.08496,63435.52256,63742.8976,9.7,0,0,0,0,0,9935.822826,0.55,0.5,0.0976,true,notional-cap,,BTCUSDT-1783928700000
2026-07-13T12:30:00.000Z,BTCUSDT,15m,EXIT,LONG,BREAKOUT_RETEST,62635.75141752,0.03155509,62667.08496,63435.52256,63742.8976,9.7,3.964635,1.982315,0.124254,-15.770451,-15.770451,9920.052375,0.55,0.5,0.0976,true,notional-cap,stop,BTCUSDT-1783928700000
2026-07-13T07:45:00.000Z,ETHUSDT,15m,ENTRY,LONG,BREAKOUT_RETEST,1788.45378,1.11166314,1779.36396,1799.85406,1808.0501,9.11,0,0,0,0,0,9920.052375,0.55,0.5,0.0917,true,notional-cap,,ETHUSDT-1783928700000
2026-07-13T10:30:00.000Z,ETHUSDT,15m,EXIT,LONG,BREAKOUT_RETEST,1778.47427802,1.11166314,1779.36396,1799.85406,1808.0501,9.11,3.965222,1.982609,0.074451,-15.133518,-15.133518,9904.918858,0.55,0.5,0.0917,true,notional-cap,stop,ETHUSDT-1783928700000
2026-07-14T00:15:00.000Z,BTCUSDT,15m,ENTRY,LONG,BREAKOUT_RETEST,62471.230005,0.03172619,62185.26996,62822.12006,63076.8601,8.08,0,0,0,0,0,9904.918858,0.55,0.5,0.0816,true,notional-cap,,BTCUSDT-1783988100000
2026-07-14T12:15:00.000Z,BTCUSDT,15m,EXIT,LONG,BREAKOUT_RETEST,62918.01533496,0.03172619,62185.26996,62822.12006,63076.8601,8.08,3.978123,1.989066,0.214163,9.98251,9.98251,9914.901368,0.55,0.5,0.0816,true,notional-cap,tp2,BTCUSDT-1783988100000
2026-07-15T18:30:00.000Z,SOLUSDT,15m,ENTRY,LONG,BREAKOUT_RETEST,77.99898,25.43586806,77.46888,78.69668,79.1878,12.49,0,0,0,0,0,9914.901368,0.65,0.5,0.126,true,notional-cap,,SOLUSDT-1784140200000
2026-07-15T19:15:00.000Z,SOLUSDT,15m,EXIT,LONG,BREAKOUT_RETEST,77.43014556,25.43586806,77.46888,78.69668,79.1878,12.49,3.953475,1.976734,0.024655,-18.446928,-18.446928,9896.45444,0.65,0.5,0.126,true,notional-cap,stop,SOLUSDT-1784140200000
2026-07-16T06:00:00.000Z,SOLUSDT,15m,ENTRY,LONG,BREAKOUT_RETEST,77.528745,25.54253308,77.16012,77.98482,78.3147,8.43,0,0,0,0,0,9896.45444,0.55,0.5,0.0851,true,notional-cap,,SOLUSDT-1784181600000
2026-07-16T06:30:00.000Z,SOLUSDT,15m,EXIT,LONG,BREAKOUT_RETEST,77.12153994,25.54253308,77.16012,77.98482,78.3147,8.43,3.95016,1.975078,0.018522,-14.369731,-14.369731,9882.084709,0.55,0.5,0.0851,true,notional-cap,stop,SOLUSDT-1784181600000
2026-07-16T14:15:00.000Z,BTCUSDT,15m,ENTRY,LONG,BREAKOUT_RETEST,64667.327505,0.03057812,64227.06,65246.935,65654.885,12.47,0,0,0,0,0,9882.084709,0.65,0.5,0.1262,true,notional-cap,,BTCUSDT-1784211300000
2026-07-16T17:00:00.000Z,BTCUSDT,15m,EXIT,LONG,BREAKOUT_RETEST,64194.94647,0.03057812,64227.06,65246.935,65654.885,12.47,3.940366,1.97018,0.067867,-18.452757,-18.452757,9863.631952,0.65,0.5,0.1262,true,notional-cap,stop,BTCUSDT-1784211300000
2026-07-16T14:15:00.000Z,SOLUSDT,15m,ENTRY,LONG,BREAKOUT_RETEST,76.69833,25.78159329,75.98484,77.67274,78.3479,17.41,0,0,0,0,0,9863.631952,0.65,0.5,0.1761,true,notional-cap,,SOLUSDT-1784211300000
2026-07-16T17:00:00.000Z,SOLUSDT,15m,EXIT,LONG,BREAKOUT_RETEST,75.94684758,25.78159329,75.98484,77.67274,78.3479,17.41,3.935436,1.967714,0.067707,-23.377557,-23.377557,9840.254395,0.65,0.5,0.1761,true,notional-cap,stop,SOLUSDT-1784211300000
2026-07-17T10:00:00.000Z,BTCUSDT,15m,ENTRY,LONG,BREAKOUT_RETEST,63031.64007,0.03123883,62667.08496,63499.72256,63832.7776,10.4,0,0,0,0,0,9840.254395,0.65,0.5,0.1057,true,notional-cap,,BTCUSDT-1784282400000
2026-07-17T13:30:00.000Z,BTCUSDT,15m,EXIT,LONG,BREAKOUT_RETEST,62635.75141752,0.03123883,62667.08496,63499.72256,63832.7776,10.4,3.925702,1.962849,0.092378,-16.385178,-16.385178,9823.869216,0.65,0.5,0.1057,true,notional-cap,stop,BTCUSDT-1784282400000
2026-07-19T14:15:00.000Z,SOLUSDT,15m,ENTRY,LONG,BREAKOUT_RETEST,76.308135,25.76076889,75.55656,77.34016,78.0536,18.38,0,0,0,0,0,9823.869216,0.65,0.5,0.1871,true,notional-cap,,SOLUSDT-1784470500000
2026-07-19T17:00:00.000Z,SOLUSDT,15m,EXIT,LONG,BREAKOUT_RETEST,75.51878172,25.76076889,75.55656,77.34016,78.0536,18.38,3.911178,1.955584,0.073597,-24.319122,-24.319122,9799.550094,0.65,0.5,0.1871,true,notional-cap,stop,SOLUSDT-1784470500000
2026-07-21T07:30:00.000Z,SOLUSDT,15m,ENTRY,SHORT,BEARISH_DIVERGENCE,78.52072,24.94793812,79.00476,77.89286,77.4481,11.1,0,0,0,0,0,9799.550094,0.8,0.5,0.1132,true,notional-cap,,SOLUSDT-1784619000000
2026-07-21T17:45:00.000Z,SOLUSDT,15m,EXIT,SHORT,BEARISH_DIVERGENCE,77.70931524,24.94793812,79.00476,77.89286,77.4481,11.1,3.897617,1.948814,0.216718,16.128541,16.128541,9815.678635,0.8,0.5,0.1132,true,notional-cap,tp2,SOLUSDT-1784619000000
2026-07-21T09:30:00.000Z,ETHUSDT,15m,ENTRY,SHORT,BEARISH_DIVERGENCE,1937.540745,1.01125037,1954.41652,1914.65022,1898.7437,16.09,0,0,0,0,0,9815.678635,0.65,0.5,0.1641,true,notional-cap,,ETHUSDT-1784626200000
2026-07-21T21:30:00.000Z,ETHUSDT,15m,EXIT,SHORT,BEARISH_DIVERGENCE,1921.50538255,1.01125037,1954.41652,1914.65022,1898.7437,16.09,3.902462,1.951235,0.253322,12.059982,12.059982,9827.738617,0.65,0.5,0.1641,true,notional-cap,time,ETHUSDT-1784626200000
2026-07-23T09:30:00.000Z,ETHUSDT,15m,ENTRY,LONG,BREAKOUT_RETEST,1930.274655,1.01878274,1913.35584,1953.24124,1969.1954,16.25,0,0,0,0,0,9827.738617,0.65,0.5,0.1654,true,notional-cap,,ETHUSDT-1784799000000
2026-07-23T12:30:00.000Z,ETHUSDT,15m,EXIT,LONG,BREAKOUT_RETEST,1912.39916208,1.01878274,1913.35584,1953.24124,1969.1954,16.25,3.91485,1.957421,0.079656,-22.20575,-22.20575,9805.532867,0.65,0.5,0.1654,true,notional-cap,stop,ETHUSDT-1784799000000
2026-07-25T19:30:00.000Z,ETHUSDT,15m,ENTRY,SHORT,BEARISH_DIVERGENCE,1874.48229,1.04568927,1884.66864,1861.54704,1852.2984,9.67,0,0,0,0,0,9805.532867,0.8,0.5,0.0986,true,notional-cap,,ETHUSDT-1785007800000
2026-07-26T04:15:00.000Z,ETHUSDT,15m,EXIT,SHORT,BEARISH_DIVERGENCE,1885.61097432,1.04568927,1884.66864,1861.54704,1852.2984,9.67,3.931889,1.965942,0.220807,-15.789842,-15.789842,9789.743025,0.8,0.5,0.0986,true,notional-cap,stop,ETHUSDT-1785007800000
2026-07-26T06:00:00.000Z,ETHUSDT,15m,ENTRY,SHORT,BEARISH_DIVERGENCE,1882.328365,1.03965369,1899.066,1859.576,1843.78,16.42,0,0,0,0,0,9789.743025,0.72,0.5,0.1678,true,notional-cap,,ETHUSDT-1785045600000
2026-07-26T14:45:00.000Z,ETHUSDT,15m,EXIT,SHORT,BEARISH_DIVERGENCE,1900.015533,1.03965369,1899.066,1859.576,1843.78,16.42,3.932328,1.96616,0.220564,-22.541421,-22.541421,9767.201604,0.72,0.5,0.1678,true,notional-cap,stop,ETHUSDT-1785045600000
2026-07-26T09:15:00.000Z,BTCUSDT,15m,ENTRY,LONG,BREAKOUT_RETEST,64532.08992,0.03034387,64029.57312,65205.24032,65675.5072,14.27,0,0,0,0,0,9767.201604,0.55,0.5,0.1458,true,notional-cap,,BTCUSDT-1785057300000
2026-07-26T21:15:00.000Z,BTCUSDT,15m,EXIT,LONG,BREAKOUT_RETEST,64782.71244,0.03034387,64029.57312,65205.24032,65675.5072,14.27,3.923912,1.961958,0.30034,3.380605,3.380605,9770.582209,0.55,0.5,0.1458,true,notional-cap,time,BTCUSDT-1785057300000
2026-07-26T15:00:00.000Z,SOLUSDT,15m,ENTRY,LONG,BREAKOUT_RETEST,75.07752,26.03595194,74.5506,75.7741,76.2635,12.74,0,0,0,0,0,9770.582209,0.65,0.5,0.1304,true,notional-cap,,SOLUSDT-1785078000000
2026-07-26T22:15:00.000Z,SOLUSDT,15m,EXIT,LONG,BREAKOUT_RETEST,75.9807906,26.03595194,74.5506,75.7741,76.2635,12.74,3.932947,1.96648,0.113567,19.470996,19.470996,9790.053205,0.65,0.5,0.1304,true,notional-cap,tp2,SOLUSDT-1785078000000
2026-07-28T11:45:00.000Z,BTCUSDT,15m,ENTRY,LONG,BREAKOUT_RETEST,63428.128215,0.03088519,62806.764,64280.929,64870.595,18.21,0,0,0,0,0,9790.053205,0.55,0.5,0.186,true,notional-cap,,BTCUSDT-1785239100000
2026-07-28T13:45:00.000Z,BTCUSDT,15m,EXIT,LONG,BREAKOUT_RETEST,62775.360618,0.03088519,62806.764,64280.929,64870.595,18.21,3.897819,1.948905,0.055042,-24.113712,-24.113712,9765.939493,0.55,0.5,0.186,true,notional-cap,stop,BTCUSDT-1785239100000
2026-07-29T03:00:00.000Z,SOLUSDT,15m,ENTRY,LONG,BREAKOUT_RETEST,73.71684,26.50906486,73.31556,74.22666,74.5911,9.66,0,0,0,0,0,9765.939493,0.55,0.5,0.0989,true,notional-cap,,SOLUSDT-1785294000000
2026-07-29T03:15:00.000Z,SOLUSDT,15m,EXIT,LONG,BREAKOUT_RETEST,73.27890222,26.50906486,73.31556,74.22666,74.5911,9.66,3.89672,1.948357,0.012164,-15.518204,-15.518204,9750.421289,0.55,0.5,0.0989,true,notional-cap,stop,SOLUSDT-1785294000000
2026-07-29T18:15:00.000Z,BTCUSDT,15m,ENTRY,LONG,BREAKOUT_RETEST,64367.1675,0.03031141,64037.49132,64781.26302,65078.7717,9.02,0,0,0,0,0,9750.421289,0.55,0.5,0.0925,true,notional-cap,,BTCUSDT-1785348900000
2026-07-29T18:15:00.000Z,BTCUSDT,15m,EXIT,LONG,BREAKOUT_RETEST,64005.47257434,0.03031141,64037.49132,64781.26302,65078.7717,9.02,3.891156,1.945576,0.006072,-14.860711,-14.860711,9735.560578,0.55,0.5,0.0925,true,notional-cap,stop,BTCUSDT-1785348900000
2026-07-29T18:15:00.000Z,ETHUSDT,15m,ENTRY,LONG,BREAKOUT_RETEST,1917.7584,1.01736449,1906.97148,1931.54278,1941.3713,10,0,0,0,0,0,9735.560578,0.55,0.5,0.1026,true,notional-cap,,ETHUSDT-1785348900000
2026-07-29T18:15:00.000Z,ETHUSDT,15m,EXIT,LONG,BREAKOUT_RETEST,1906.01799426,1.01736449,1906.97148,1931.54278,1941.3713,10,3.890174,1.945085,0.006066,-15.840512,-15.840512,9719.720066,0.55,0.5,0.1026,true,notional-cap,stop,ETHUSDT-1785348900000
2026-07-30T08:45:00.000Z,BTCUSDT,15m,ENTRY,LONG,BREAKOUT_RETEST,64377.85284,0.03021095,64037.49132,64807.96302,65116.1517,9.31,0,0,0,0,0,9719.720066,0.55,0.5,0.0958,true,notional-cap,,BTCUSDT-1785401100000
2026-07-30T13:45:00.000Z,BTCUSDT,15m,EXIT,LONG,BREAKOUT_RETEST,64929.57633132,0.03021095,64037.49132,64807.96302,65116.1517,9.31,3.9065,1.953255,0.103755,12.657836,12.657836,9732.377902,0.55,0.5,0.0958,true,notional-cap,tp2,BTCUSDT-1785401100000
2026-07-30T09:15:00.000Z,SOLUSDT,15m,ENTRY,LONG,BREAKOUT_RETEST,74.037,26.26142362,73.31556,75.02666,75.7111,17.97,0,0,0,0,0,9732.377902,0.55,0.5,0.185,true,notional-cap,,SOLUSDT-1785402900000
2026-07-30T21:15:00.000Z,SOLUSDT,15m,EXIT,LONG,BREAKOUT_RETEST,74.412775,26.26142362,73.31556,75.02666,75.7111,17.97,3.898502,1.949254,0.299407,5.670477,5.670477,9738.048379,0.55,0.5,0.185,true,notional-cap,time,SOLUSDT-1785402900000
2026-07-31T01:30:00.000Z,ETHUSDT,15m,ENTRY,LONG,BREAKOUT_RETEST,1930.86495,1.00917647,1913.35584,1954.71624,1971.2604,16.7,0,0,0,0,0,9738.048379,0.55,0.5,0.1715,true,notional-cap,,ETHUSDT-1785461400000
2026-07-31T01:45:00.000Z,ETHUSDT,15m,EXIT,LONG,BREAKOUT_RETEST,1912.39916208,1.00917647,1913.35584,1954.71624,1971.2604,16.7,3.878532,1.939262,0.012078,-22.525848,-22.525848,9715.52253,0.55,0.5,0.1715,true,notional-cap,stop,ETHUSDT-1785461400000
2026-08-01T00:45:00.000Z,ETHUSDT,15m,ENTRY,LONG,BREAKOUT_RETEST,1867.97352,1.04074069,1858.91448,1879.22828,1887.3538,8.46,0,0,0,0,0,9715.52253,0.55,0.5,0.087,true,notional-cap,,ETHUSDT-1785545100000
2026-08-01T12:45:00.000Z,ETHUSDT,15m,EXIT,LONG,BREAKOUT_RETEST,1868.075495,1.04074069,1858.91448,1879.22828,1887.3538,8.46,3.888258,1.94413,0.297742,-4.079871,-4.079871,9711.44266,0.55,0.5,0.087,true,notional-cap,time,ETHUSDT-1785545100000
2026-08-04T02:00:00.000Z,ETHUSDT,15m,ENTRY,LONG,BREAKOUT_RETEST,1868.57382,1.03996944,1858.91448,1880.72828,1889.4538,9.07,0,0,0,0,0,9711.44266,0.55,0.5,0.0934,true,notional-cap,,ETHUSDT-1785808800000
2026-08-04T03:15:00.000Z,ETHUSDT,15m,EXIT,LONG,BREAKOUT_RETEST,1857.98502276,1.03996944,1858.91448,1880.72828,1889.4538,9.07,3.875507,1.937751,0.036351,-14.923884,-14.923884,9696.518776,0.55,0.5,0.0934,true,notional-cap,stop,ETHUSDT-1785808800000
2026-08-04T02:00:00.000Z,SOLUSDT,15m,ENTRY,LONG,BREAKOUT_RETEST,73.806885,26.32897563,73.27572,74.51142,75.0057,13.01,0,0,0,0,0,9696.518776,0.55,0.5,0.134,true,notional-cap,,SOLUSDT-1785808800000
2026-08-04T07:15:00.000Z,SOLUSDT,15m,EXIT,LONG,BREAKOUT_RETEST,73.23908214,26.32897563,73.27572,74.51142,75.0057,13.01,3.87157,1.935782,0.133381,-18.954618,-18.954618,9677.564157,0.55,0.5,0.134,true,notional-cap,stop,SOLUSDT-1785808800000
2026-08-04T11:15:00.000Z,ETHUSDT,15m,ENTRY,LONG,BREAKOUT_RETEST,1867.91349,1.03670786,1858.91448,1879.07828,1887.1438,8.36,0,0,0,0,0,9677.564157,0.55,0.5,0.0864,true,notional-cap,,ETHUSDT-1785842100000
2026-08-04T13:30:00.000Z,ETHUSDT,15m,EXIT,LONG,BREAKOUT_RETEST,1872.55913706,1.03670786,1858.91448,1879.07828,1887.1438,8.36,3.877777,1.93889,0.042468,0.895933,0.895933,9678.460091,0.55,0.5,0.0864,true,notional-cap,stop,ETHUSDT-1785842100000
2026-08-05T12:45:00.000Z,BTCUSDT,15m,ENTRY,LONG,BREAKOUT_RETEST,64502.245005,0.03002469,64162.32996,64931.53006,65239.2101,9.24,0,0,0,0,0,9678.460091,0.55,0.5,0.0954,true,notional-cap,,BTCUSDT-1785933900000
2026-08-05T13:00:00.000Z,BTCUSDT,15m,EXIT,LONG,BREAKOUT_RETEST,64130.24879502,0.03002469,64162.32996,64931.53006,65239.2101,9.24,3.862151,1.931073,0.012054,-15.043276,-15.043276,9663.416815,0.55,0.5,0.0954,true,notional-cap,stop,BTCUSDT-1785933900000
2026-08-07T20:00:00.000Z,ETHUSDT,15m,ENTRY,LONG,BREAKOUT_RETEST,1919.829435,1.0071987,1905.6468,1938.7048,1951.928,13.32,0,0,0,0,0,9663.416815,0.55,0.5,0.1378,true,notional-cap,,ETHUSDT-1786132800000
2026-08-08T08:00:00.000Z,ETHUSDT,15m,EXIT,LONG,BREAKOUT_RETEST,1914.56224,1.0071987,1905.6468,1938.7048,1951.928,13.32,3.861994,1.930996,0.295455,-9.462561,-9.462561,9653.954253,0.55,0.5,0.1378,true,notional-cap,time,ETHUSDT-1786132800000
2026-08-08T09:00:00.000Z,ETHUSDT,15m,ENTRY,LONG,BREAKOUT_RETEST,1917.85845,1.00724652,1905.6468,1933.7798,1945.033,11.33,0,0,0,0,0,9653.954253,0.55,0.5,0.1174,true,notional-cap,,ETHUSDT-1786179600000
2026-08-08T21:00:00.000Z,ETHUSDT,15m,EXIT,LONG,BREAKOUT_RETEST,1919.609715,1.00724652,1905.6468,1933.7798,1945.033,11.33,3.865276,1.932639,0.290256,-2.391577,-2.391577,9651.562676,0.55,0.5,0.1174,true,notional-cap,time,ETHUSDT-1786179600000
2026-08-09T06:45:00.000Z,ETHUSDT,15m,ENTRY,LONG,BREAKOUT_RETEST,1918.928985,1.00643521,1905.6468,1936.4548,1948.778,12.4,0,0,0,0,0,9651.562676,0.55,0.5,0.1285,true,notional-cap,,ETHUSDT-1786257900000
2026-08-09T18:45:00.000Z,ETHUSDT,15m,EXIT,LONG,BREAKOUT_RETEST,1920.609215,1.00643521,1905.6468,1936.4548,1948.778,12.4,3.864246,1.932124,0.296096,-2.4693,-2.4693,9649.093377,0.55,0.5,0.1285,true,notional-cap,time,ETHUSDT-1786257900000
2026-08-10T20:00:00.000Z,SOLUSDT,15m,ENTRY,LONG,BREAKOUT_RETEST,76.21809,25.33235331,75.43704,77.29444,78.0374,18.82,0,0,0,0,0,9649.093377,0.55,0.5,0.1951,true,notional-cap,,SOLUSDT-1786392000000
2026-08-11T08:00:00.000Z,SOLUSDT,15m,EXIT,LONG,BREAKOUT_RETEST,75.612175,25.33235331,75.43704,77.29444,78.0374,18.82,3.846218,1.923106,0.295025,-19.490495,-19.490495,9629.602881,0.55,0.5,0.1951,true,notional-cap,time,SOLUSDT-1786392000000
2026-08-11T19:45:00.000Z,ETHUSDT,15m,ENTRY,LONG,BREAKOUT_RETEST,1872.785925,1.02888617,1863.44628,1884.45558,1892.8593,8.65,0,0,0,0,0,9629.602881,0.55,0.5,0.0898,true,notional-cap,,ETHUSDT-1786477500000
2026-08-12T04:15:00.000Z,ETHUSDT,15m,EXIT,LONG,BREAKOUT_RETEST,1887.71311128,1.02888617,1863.44628,1884.45558,1892.8593,8.65,3.869125,1.934567,0.109005,11.380245,11.380245,9640.983126,0.55,0.5,0.0898,true,notional-cap,tp2,ETHUSDT-1786477500000
2026-08-11T20:30:00.000Z,BTCUSDT,15m,ENTRY,LONG,BREAKOUT_RETEST,63706.8375,0.03026465,63200.06448,64387.40328,64862.3388,14.37,0,0,0,0,0,9640.983126,0.65,0.5,0.1492,true,notional-cap,,BTCUSDT-1786480200000
2026-08-12T08:30:00.000Z,BTCUSDT,15m,EXIT,LONG,BREAKOUT_RETEST,63745.93109,0.03026465,63200.06448,64387.40328,64862.3388,14.37,3.857313,1.928657,0.295389,-2.969549,-2.969549,9638.013577,0.65,0.5,0.1492,true,notional-cap,time,BTCUSDT-1786480200000
2026-08-12T21:30:00.000Z,BTCUSDT,15m,ENTRY,LONG,BREAKOUT_RETEST,63521.755005,0.03036072,63200.06448,63924.92828,64214.8738,8.8,0,0,0,0,0,9638.013577,0.55,0.5,0.0913,true,notional-cap,,BTCUSDT-1786570200000
2026-08-13T09:30:00.000Z,BTCUSDT,15m,EXIT,LONG,BREAKOUT_RETEST,63782.35201043,0.03036072,63200.06448,63924.92828,64214.8738,8.8,3.865044,1.932525,0.244414,3.802454,3.802454,9641.816031,0.55,0.5,0.0913,true,notional-cap,time,BTCUSDT-1786570200000
2026-08-13T13:00:00.000Z,ETHUSDT,15m,ENTRY,LONG,BREAKOUT_RETEST,1890.074565,1.02076787,1884.5814,1895.9529,1900.5015,4.64,0,0,0,0,0,9641.816031,0.55,0.5,0.0482,true,notional-cap,,ETHUSDT-1786626000000
2026-08-13T15:15:00.000Z,ETHUSDT,15m,EXIT,LONG,BREAKOUT_RETEST,1892.06722563,1.02076787,1884.5814,1895.9529,1900.5015,4.64,3.860689,1.930345,0.051293,-1.877937,-1.877937,9639.938094,0.55,0.5,0.0482,true,notional-cap,stop,ETHUSDT-1786626000000
2026-08-13T13:00:00.000Z,SOLUSDT,15m,ENTRY,LONG,BREAKOUT_RETEST,76.17807,25.32654592,75.6462,76.8807,77.3745,12.51,0,0,0,0,0,9639.938094,0.55,0.5,0.1297,true,notional-cap,,SOLUSDT-1786626000000
2026-08-13T15:45:00.000Z,SOLUSDT,15m,EXIT,LONG,BREAKOUT_RETEST,75.6083769,25.32654592,75.6462,76.8807,77.3745,12.51,3.844226,1.92211,0.072382,-18.344967,-18.344967,9621.593126,0.55,0.5,0.1297,true,notional-cap,stop,SOLUSDT-1786626000000
2026-08-13T14:00:00.000Z,BTCUSDT,15m,ENTRY,LONG,BREAKOUT_RETEST,63751.849995,0.03024044,63352.40268,64271.37098,64638.9583,11.12,0,0,0,0,0,9621.593126,0.55,0.5,0.1154,true,notional-cap,,BTCUSDT-1786629600000
2026-08-13T16:15:00.000Z,BTCUSDT,15m,EXIT,LONG,BREAKOUT_RETEST,63320.72647866,0.03024044,63352.40268,64271.37098,64638.9583,11.12,3.842731,1.921363,0.060184,-16.94028,-16.94028,9604.652847,0.55,0.5,0.1154,true,notional-cap,stop,BTCUSDT-1786629600000
2026-08-14T16:00:00.000Z,BTCUSDT,15m,ENTRY,LONG,BREAKOUT_RETEST,63021.495,0.0304958,62590.61208,63589.08188,63988.4698,12.18,0,0,0,0,0,9604.652847,0.55,0.5,0.1268,true,notional-cap,,BTCUSDT-1786723200000
2026-08-15T04:00:00.000Z,BTCUSDT,15m,EXIT,LONG,BREAKOUT_RETEST,63068.440005,0.0304958,62590.61208,63589.08188,63988.4698,12.18,3.845213,1.922608,0.288223,-2.701811,-2.701811,9601.951036,0.55,0.5,0.1268,true,notional-cap,time,BTCUSDT-1786723200000
2026-08-14T16:00:00.000Z,ETHUSDT,15m,ENTRY,LONG,BREAKOUT_RETEST,1882.490775,1.02092986,1865.7072,1905.3142,1921.157,16.17,0,0,0,0,0,9601.951036,0.65,0.5,0.1684,true,notional-cap,,ETHUSDT-1786723200000
2026-08-15T04:00:00.000Z,ETHUSDT,15m,EXIT,LONG,BREAKOUT_RETEST,1882.69818,1.02092986,1865.7072,1905.3142,1921.157,16.17,3.843994,1.921997,0.28811,-3.920358,-3.920358,9598.030678,0.65,0.5,0.1684,true,notional-cap,time,ETHUSDT-1786723200000
2026-08-14T16:00:00.000Z,SOLUSDT,15m,ENTRY,LONG,BREAKOUT_RETEST,75.687825,25.39234064,75.27768,76.20848,76.5808,9.45,0,0,0,0,0,9598.030678,0.65,0.5,0.0984,true,notional-cap,,SOLUSDT-1786723200000
2026-08-14T17:45:00.000Z,SOLUSDT,15m,EXIT,LONG,BREAKOUT_RETEST,75.24004116,25.39234064,75.27768,76.20848,76.5808,9.45,3.832412,1.916204,0.047946,-15.250638,-15.250638,9582.78004,0.65,0.5,0.0984,true,notional-cap,stop,SOLUSDT-1786723200000
2026-08-15T10:30:00.000Z,SOLUSDT,15m,ENTRY,LONG,BREAKOUT_RETEST,75.347655,25.44889136,74.80956,76.06066,76.5611,12.74,0,0,0,0,0,9582.78004,0.55,0.5,0.1329,true,notional-cap,,SOLUSDT-1786789800000
2026-08-15T22:30:00.000Z,SOLUSDT,15m,EXIT,LONG,BREAKOUT_RETEST,75.572195,25.44889136,74.80956,76.06066,76.5611,12.74,3.840743,1.920373,0.294186,1.579365,1.579365,9584.359406,0.55,0.5,0.1329,true,notional-cap,time,SOLUSDT-1786789800000
2026-08-15T11:00:00.000Z,BTCUSDT,15m,ENTRY,LONG,BREAKOUT_RETEST,63076.5225,0.03038296,62590.61208,63726.58188,64180.9698,13.81,0,0,0,0,0,9584.359406,0.55,0.5,0.1441,true,notional-cap,,BTCUSDT-1786791600000
2026-08-15T23:00:00.000Z,BTCUSDT,15m,EXIT,LONG,BREAKOUT_RETEST,63097.305565,0.03038296,62590.61208,63726.58188,64180.9698,13.81,3.833534,1.916768,0.293448,-3.495531,-3.495531,9580.863874,0.55,0.5,0.1441,true,notional-cap,time,BTCUSDT-1786791600000
2026-08-15T13:15:00.000Z,ETHUSDT,15m,ENTRY,LONG,BREAKOUT_RETEST,1884.952005,1.01676348,1865.7072,1911.4642,1929.767,18.61,0,0,0,0,0,9580.863874,0.55,0.5,0.1943,true,notional-cap,,ETHUSDT-1786799700000
2026-08-16T01:15:00.000Z,ETHUSDT,15m,EXIT,LONG,BREAKOUT_RETEST,1879.63971,1.01676348,1865.7072,1911.4642,1929.767,18.61,3.827699,1.913849,0.293287,-9.522334,-9.522334,9571.341541,0.55,0.5,0.1943,true,notional-cap,time,ETHUSDT-1786799700000
2026-08-16T02:45:00.000Z,SOLUSDT,15m,ENTRY,LONG,BREAKOUT_RETEST,75.687825,25.30427374,75.27768,76.20848,76.5808,9.42,0,0,0,0,0,9571.341541,0.55,0.5,0.0984,true,notional-cap,,SOLUSDT-1786848300000
2026-08-16T09:30:00.000Z,SOLUSDT,15m,EXIT,LONG,BREAKOUT_RETEST,75.24004116,25.30427374,75.27768,76.20848,76.5808,9.42,3.81912,1.909558,0.167082,-15.317047,-15.317047,9556.024494,0.55,0.5,0.0984,true,notional-cap,stop,SOLUSDT-1786848300000
2026-08-16T03:00:00.000Z,BTCUSDT,15m,ENTRY,LONG,BREAKOUT_RETEST,63152.86065,0.03030523,62664.72444,63806.16334,64262.7389,13.84,0,0,0,0,0,9556.024494,0.55,0.5,0.1447,true,notional-cap,,BTCUSDT-1786849200000
2026-08-16T15:00:00.000Z,BTCUSDT,15m,EXIT,LONG,BREAKOUT_RETEST,63076.08618,0.03030523,62664.72444,63806.16334,64262.7389,13.84,3.825397,1.912699,0.292616,-6.444681,-6.444681,9549.579813,0.55,0.5,0.1447,true,notional-cap,time,BTCUSDT-1786849200000
2026-08-16T09:30:00.000Z,ETHUSDT,15m,ENTRY,LONG,BREAKOUT_RETEST,1882.790925,1.01541129,1869.72108,1900.04338,1912.1723,12.32,0,0,0,0,0,9549.579813,0.55,0.5,0.1289,true,notional-cap,,ETHUSDT-1786872600000
2026-08-16T21:30:00.000Z,ETHUSDT,15m,EXIT,LONG,BREAKOUT_RETEST,1868.78621946,1.01541129,1869.72108,1900.04338,1912.1723,12.32,3.809394,1.904694,0.29281,-18.32274,-18.32274,9531.257073,0.55,0.5,0.1289,true,notional-cap,stop,ETHUSDT-1786872600000
2026-08-17T01:30:00.000Z,BTCUSDT,15m,ENTRY,LONG,BREAKOUT_RETEST,63150.989715,0.03020071,62750.13144,63673.37784,64042.6764,11.15,0,0,0,0,0,9531.257073,0.55,0.5,0.117,true,notional-cap,,BTCUSDT-1786930200000
2026-08-17T13:30:00.000Z,BTCUSDT,15m,EXIT,LONG,BREAKOUT_RETEST,63631.04248304,0.03020071,62750.13144,63673.37784,64042.6764,11.15,3.828907,1.914458,0.206651,10.462376,10.462376,9541.719448,0.55,0.5,0.117,true,notional-cap,time,BTCUSDT-1786930200000
2026-08-17T21:00:00.000Z,SOLUSDT,15m,ENTRY,LONG,BREAKOUT_RETEST,76.027995,25.11309238,75.6462,76.5057,76.8495,8.63,0,0,0,0,0,9541.719448,0.55,0.5,0.0905,true,notional-cap,,SOLUSDT-1787000400000
2026-08-18T01:45:00.000Z,SOLUSDT,15m,EXIT,LONG,BREAKOUT_RETEST,75.6083769,25.11309238,75.6462,76.5057,76.8495,8.63,3.808058,1.904027,0.119122,-14.465088,-14.465088,9527.25436,0.55,0.5,0.0905,true,notional-cap,stop,SOLUSDT-1787000400000
2026-08-17T23:45:00.000Z,ETHUSDT,15m,ENTRY,LONG,BREAKOUT_RETEST,1913.506275,0.99721623,1904.85996,1924.08506,1931.7751,7.67,0,0,0,0,0,9527.25436,0.55,0.5,0.0804,true,notional-cap,,ETHUSDT-1787010300000
2026-08-18T01:30:00.000Z,ETHUSDT,15m,EXIT,LONG,BREAKOUT_RETEST,1903.90753002,0.99721623,1904.85996,1924.08506,1931.7751,7.67,3.806787,1.903392,0.047608,-13.426419,-13.426419,9513.827942,0.55,0.5,0.0804,true,notional-cap,stop,ETHUSDT-1787010300000
2026-08-19T09:00:00.000Z,BTCUSDT,15m,ENTRY,LONG,BREAKOUT_RETEST,64448.08794,0.02953877,63787.43556,65358.54666,65986.9911,18.56,0,0,0,0,0,9513.827942,0.55,0.5,0.1951,true,notional-cap,,BTCUSDT-1787130000000
2026-08-19T15:00:00.000Z,BTCUSDT,15m,EXIT,LONG,BREAKOUT_RETEST,65639.93249556,0.02953877,63787.43556,65358.54666,65986.9911,18.56,3.84264,1.921329,0.137459,31.225523,31.225523,9545.053465,0.55,0.5,0.1951,true,notional-cap,tp2,BTCUSDT-1787130000000
2026-08-23T09:15:00.000Z,BTCUSDT,15m,ENTRY,LONG,BREAKOUT_RETEST,76618.29,0.02492832,76202.35644,77146.46534,77524.1089,9.41,0,0,0,0,0,9545.053465,0.55,0.5,0.0986,true,notional-cap,,BTCUSDT-1787476500000
2026-08-23T13:15:00.000Z,BTCUSDT,15m,EXIT,LONG,BREAKOUT_RETEST,77296.61947644,0.02492832,76202.35644,77146.46534,77524.1089,9.41,3.83684,1.918425,0.077876,12.994898,12.994898,9558.048362,0.55,0.5,0.0986,true,notional-cap,tp2,BTCUSDT-1787476500000
2026-08-26T11:45:00.000Z,ETHUSDT,15m,ENTRY,LONG,BREAKOUT_RETEST,2463.33105,0.77641431,2444.81148,2488.03278,2505.3213,13.42,0,0,0,0,0,9558.048362,0.55,0.5,0.1404,true,notional-cap,,ETHUSDT-1787744700000
2026-08-26T12:30:00.000Z,ETHUSDT,15m,EXIT,LONG,BREAKOUT_RETEST,2443.58907426,0.77641431,2444.81148,2488.03278,2505.3213,13.42,3.809803,1.904898,0.023898,-19.161654,-19.161654,9538.886709,0.55,0.5,0.1404,true,notional-cap,stop,ETHUSDT-1787744700000
2026-08-28T06:30:00.000Z,ETHUSDT,15m,ENTRY,LONG,BREAKOUT_RETEST,2502.2505,0.76280581,2478.81492,2534.27762,2556.4627,16.92,0,0,0,0,0,9538.886709,0.55,0.5,0.1774,true,notional-cap,,ETHUSDT-1787898600000
2026-08-28T14:00:00.000Z,ETHUSDT,15m,EXIT,LONG,BREAKOUT_RETEST,2477.57551254,0.76280581,2478.81492,2534.27762,2556.4627,16.92,3.79864,1.899316,0.184551,-22.805415,-22.805415,9516.081294,0.55,0.5,0.1774,true,notional-cap,stop,ETHUSDT-1787898600000
2026-08-30T03:45:00.000Z,BTCUSDT,15m,ENTRY,LONG,BREAKOUT_RETEST,78230.0955,0.02434061,77805.528,78769.208,79154.68,9.38,0,0,0,0,0,9516.081294,0.55,0.5,0.0986,true,notional-cap,,BTCUSDT-1788061500000
2026-08-30T15:45:00.000Z,BTCUSDT,15m,EXIT,LONG,BREAKOUT_RETEST,78756.1612205,0.02434061,77805.528,78769.208,79154.68,9.38,3.821141,1.910574,0.253024,8.730595,8.730595,9524.811889,0.55,0.5,0.0986,true,notional-cap,time,BTCUSDT-1788061500000
2026-08-31T05:45:00.000Z,ETHUSDT,15m,ENTRY,LONG,BREAKOUT_RETEST,2436.727755,0.78216159,2422.77,2454.62,2467.36,9.96,0,0,0,0,0,9524.811889,0.55,0.5,0.1046,true,notional-cap,,ETHUSDT-1788155100000
2026-08-31T14:30:00.000Z,ETHUSDT,15m,EXIT,LONG,BREAKOUT_RETEST,2459.759505,0.78216159,2422.77,2454.62,2467.36,9.96,3.829844,1.914927,0.15837,14.026336,14.026336,9538.838224,0.55,0.5,0.1046,true,notional-cap,tp2,ETHUSDT-1788155100000
2026-08-31T05:45:00.000Z,SOLUSDT,15m,ENTRY,LONG,BREAKOUT_RETEST,102.581265,18.57956089,101.87088,103.51868,104.1778,12.25,0,0,0,0,0,9538.838224,0.65,0.5,0.1286,true,notional-cap,,SOLUSDT-1788155100000
2026-08-31T12:30:00.000Z,SOLUSDT,15m,EXIT,LONG,BREAKOUT_RETEST,102.99844751,18.57956089,101.87088,103.51868,104.1778,12.25,3.819581,1.909793,0.146594,3.784893,3.784893,9542.623117,0.65,0.5,0.1286,true,notional-cap,stop,SOLUSDT-1788155100000
2026-08-31T15:15:00.000Z,BTCUSDT,15m,ENTRY,LONG,BREAKOUT_RETEST,78359.16,0.02436829,77805.528,79091.708,79606.18,12.54,0,0,0,0,0,9542.623117,0.55,0.5,0.1314,true,notional-cap,,BTCUSDT-1788189300000
2026-09-01T02:00:00.000Z,BTCUSDT,15m,EXIT,LONG,BREAKOUT_RETEST,78686.071283,0.02436829,77805.528,79091.708,79606.18,12.54,3.826924,1.913464,0.16792,3.971425,3.971425,9546.594542,0.55,0.5,0.1314,true,notional-cap,stop,BTCUSDT-1788189300000
2026-09-01T14:30:00.000Z,BTCUSDT,15m,ENTRY,LONG,BREAKOUT_RETEST,78295.978425,0.02439811,77874.14244,78830.91134,79213.6189,9.34,0,0,0,0,0,9546.594542,0.65,0.5,0.0978,true,notional-cap,,BTCUSDT-1788273000000
2026-09-01T15:00:00.000Z,BTCUSDT,15m,EXIT,LONG,BREAKOUT_RETEST,77835.20536878,0.02439811,77874.14244,78830.91134,79213.6189,9.34,3.809306,1.904651,0.017871,-15.069168,-15.069168,9531.525374,0.65,0.5,0.0978,true,notional-cap,stop,BTCUSDT-1788273000000
2026-09-02T03:30:00.000Z,SOLUSDT,15m,ENTRY,LONG,BREAKOUT_RETEST,100.63029,18.95312264,99.9486,101.5271,102.1585,11.97,0,0,0,0,0,9531.525374,0.65,0.5,0.1256,true,notional-cap,,SOLUSDT-1788319800000
2026-09-02T04:00:00.000Z,SOLUSDT,15m,EXIT,LONG,BREAKOUT_RETEST,99.8986257,18.95312264,99.9486,101.5271,102.1585,11.97,3.800649,1.900322,0.017801,-17.685773,-17.685773,9513.839601,0.65,0.5,0.1256,true,notional-cap,stop,SOLUSDT-1788319800000
2026-09-03T11:45:00.000Z,BTCUSDT,15m,ENTRY,LONG,BREAKOUT_RETEST,77969.84544,0.0244161,77556.31884,78492.72174,78867.2829,9.15,0,0,0,0,0,9513.839601,0.55,0.5,0.0961,true,notional-cap,,BTCUSDT-1788435900000
2026-09-03T13:30:00.000Z,BTCUSDT,15m,EXIT,LONG,BREAKOUT_RETEST,78640.66231884,0.0244161,77556.31884,78492.72174,78867.2829,9.15,3.823818,1.911913,0.038832,12.516083,12.516083,9526.355684,0.55,0.5,0.0961,true,notional-cap,tp2,BTCUSDT-1788435900000
2026-09-03T11:45:00.000Z,SOLUSDT,15m,ENTRY,LONG,BREAKOUT_RETEST,100.940445,18.85982674,99.9486,102.3021,103.2435,17.75,0,0,0,0,0,9526.355684,0.55,0.5,0.1866,true,notional-cap,,SOLUSDT-1788435900000
2026-09-03T14:45:00.000Z,SOLUSDT,15m,EXIT,LONG,BREAKOUT_RETEST,102.7214136,18.85982674,99.9486,102.3021,103.2435,17.75,3.841027,1.920523,0.071893,29.675838,29.675838,9556.031522,0.55,0.5,0.1866,true,notional-cap,tp2,SOLUSDT-1788435900000
2026-09-03T16:30:00.000Z,ETHUSDT,15m,ENTRY,SHORT,BEARISH_DIVERGENCE,2490.27424,0.76708447,2499.83952,2479.04072,2470.7212,6.38,0,0,0,0,0,9556.031522,0.8,0.5,0.0668,true,notional-cap,,ETHUSDT-1788453000000
2026-09-03T17:15:00.000Z,ETHUSDT,15m,EXIT,SHORT,BEARISH_DIVERGENCE,2501.08943976,0.76708447,2499.83952,2479.04072,2470.7212,6.38,3.828798,1.914397,0.023927,-12.148896,-12.148896,9543.882626,0.8,0.5,0.0668,true,notional-cap,stop,ETHUSDT-1788453000000
2026-09-05T18:30:00.000Z,ETHUSDT,15m,ENTRY,SHORT,BEARISH_DIVERGENCE,2475.06185,0.77081796,2495.5424,2447.4364,2428.194,14.83,0,0,0,0,0,9543.882626,0.8,0.5,0.1554,true,notional-cap,,ETHUSDT-1788633000000
2026-09-06T01:00:00.000Z,ETHUSDT,15m,EXIT,SHORT,BEARISH_DIVERGENCE,2496.7901712,0.77081796,2495.5424,2447.4364,2428.194,14.83,3.832393,1.916193,0.161436,-20.742409,-20.742409,9523.140217,0.8,0.5,0.1554,true,notional-cap,stop,ETHUSDT-1788633000000
2026-09-05T18:30:00.000Z,SOLUSDT,15m,ENTRY,SHORT,BEARISH_DIVERGENCE,103.778085,18.38367067,104.57664,102.71004,101.9634,13.73,0,0,0,0,0,9523.140217,0.8,0.5,0.1438,true,notional-cap,,SOLUSDT-1788633000000
2026-09-06T02:30:00.000Z,SOLUSDT,15m,EXIT,SHORT,BEARISH_DIVERGENCE,104.62892832,18.38367067,104.57664,102.71004,101.9634,13.73,3.831286,1.91564,0.196386,-19.669295,-19.669295,9503.470921,0.8,0.5,0.1438,true,notional-cap,stop,SOLUSDT-1788633000000
2026-09-07T05:45:00.000Z,BTCUSDT,15m,ENTRY,LONG,BREAKOUT_RETEST,79899.919995,0.02380033,79259.64816,80760.50276,81360.8446,14.29,0,0,0,0,0,9503.470921,0.65,0.5,0.1503,true,notional-cap,,BTCUSDT-1788759900000
2026-09-07T07:30:00.000Z,BTCUSDT,15m,EXIT,LONG,BREAKOUT_RETEST,79220.01833592,0.02380033,79259.64816,80760.50276,81360.8446,14.29,3.787107,1.89355,0.047375,-20.016365,-20.016365,9483.454556,0.65,0.5,0.1503,true,notional-cap,stop,BTCUSDT-1788759900000
2026-09-07T20:00:00.000Z,SOLUSDT,15m,ENTRY,LONG,BREAKOUT_RETEST,104.41218,18.17450087,103.39476,105.80786,106.7731,17.54,0,0,0,0,0,9483.454556,0.55,0.5,0.185,true,notional-cap,,SOLUSDT-1788811200000
2026-09-07T22:30:00.000Z,SOLUSDT,15m,EXIT,LONG,BREAKOUT_RETEST,103.34306262,18.17450087,103.39476,105.80786,106.7731,17.54,3.775848,1.88792,0.064915,-23.271438,-23.271438,9460.183118,0.55,0.5,0.185,true,notional-cap,stop,SOLUSDT-1788811200000
2026-09-08T15:15:00.000Z,BTCUSDT,15m,ENTRY,LONG,BREAKOUT_RETEST,78679.32,0.02405947,77874.14244,79788.78634,80554.6439,18.43,0,0,0,0,0,9460.183118,0.65,0.5,0.1948,true,notional-cap,,BTCUSDT-1788880500000
2026-09-09T03:15:00.000Z,BTCUSDT,15m,EXIT,LONG,BREAKOUT_RETEST,78539.41065,0.02405947,77874.14244,79788.78634,80554.6439,18.43,3.782599,1.891299,0.283699,-7.432443,-7.432443,9452.750675,0.65,0.5,0.1948,true,notional-cap,time,BTCUSDT-1788880500000
2026-09-08T15:15:00.000Z,ETHUSDT,15m,ENTRY,LONG,BREAKOUT_RETEST,2490.094425,0.76020516,2471.66364,2514.62954,2531.8159,13.07,0,0,0,0,0,9452.750675,0.65,0.5,0.1381,true,notional-cap,,ETHUSDT-1788880500000
2026-09-09T03:15:00.000Z,ETHUSDT,15m,EXIT,LONG,BREAKOUT_RETEST,2486.43616,0.76020516,2471.66364,2514.62954,2531.8159,13.07,3.783184,1.891592,0.283912,-6.848128,-6.848128,9445.902547,0.65,0.5,0.1381,true,notional-cap,time,ETHUSDT-1788880500000
2026-09-08T23:15:00.000Z,SOLUSDT,15m,ENTRY,LONG,BREAKOUT_RETEST,103.4517,18.26774579,102.84696,104.22956,104.7826,10.1,0,0,0,0,0,9445.902547,0.55,0.5,0.107,true,notional-cap,,SOLUSDT-1788909300000
2026-09-09T07:00:00.000Z,SOLUSDT,15m,EXIT,LONG,BREAKOUT_RETEST,104.45382696,18.26774579,102.84696,104.22956,104.7826,10.1,3.797965,1.898988,0.153987,14.354648,14.354648,9460.257194,0.55,0.5,0.107,true,notional-cap,tp2,SOLUSDT-1788909300000
2026-09-09T12:15:00.000Z,ETHUSDT,15m,ENTRY,LONG,BREAKOUT_RETEST,2502.360555,0.7564847,2479.95036,2532.84946,2554.0091,16.01,0,0,0,0,0,9460.257194,0.55,0.5,0.1692,true,notional-cap,,ETHUSDT-1788956100000
2026-09-09T15:00:00.000Z,ETHUSDT,15m,EXIT,LONG,BREAKOUT_RETEST,2478.71038482,0.7564847,2479.95036,2532.84946,2554.0091,16.01,3.768104,1.884048,0.071057,-21.730152,-21.730152,9438.527042,0.55,0.5,0.1692,true,notional-cap,stop,ETHUSDT-1788956100000
2026-09-10T03:15:00.000Z,BTCUSDT,15m,ENTRY,LONG,BREAKOUT_RETEST,78418.36959,0.02408427,77874.14244,79136.73634,79641.7739,12.16,0,0,0,0,0,9438.527042,0.55,0.5,0.1289,true,notional-cap,,BTCUSDT-1789010100000
2026-09-10T10:30:00.000Z,BTCUSDT,15m,EXIT,LONG,BREAKOUT_RETEST,77835.20536878,0.02408427,77874.14244,79136.73634,79641.7739,12.16,3.763253,1.881624,0.176624,-17.984962,-17.984962,9420.54208,0.55,0.5,0.1289,true,notional-cap,stop,BTCUSDT-1789010100000
2026-09-10T03:15:00.000Z,SOLUSDT,15m,ENTRY,LONG,BREAKOUT_RETEST,101.980965,18.51962532,101.32308,102.84038,103.4473,11.24,0,0,0,0,0,9420.54208,0.55,0.5,0.1191,true,notional-cap,,SOLUSDT-1789010100000
2026-09-10T07:15:00.000Z,SOLUSDT,15m,EXIT,LONG,BREAKOUT_RETEST,101.27241846,18.51962532,101.32308,102.84038,103.4473,11.24,3.764177,1.882085,0.100228,-16.986421,-16.986421,9403.555659,0.55,0.5,0.1191,true,notional-cap,stop,SOLUSDT-1789010100000
2026-09-10T17:15:00.000Z,ETHUSDT,15m,ENTRY,LONG,BREAKOUT_RETEST,2454.676725,0.76655776,2439.78168,2473.95248,2487.6208,10.48,0,0,0,0,0,9403.555659,0.55,0.5,0.1114,true,notional-cap,,ETHUSDT-1789060500000
2026-09-10T22:15:00.000Z,ETHUSDT,15m,EXIT,LONG,BREAKOUT_RETEST,2463.0824452,0.76655776,2439.78168,2473.95248,2487.6208,10.48,3.769746,1.884875,0.067845,2.605878,2.605878,9406.161537,0.55,0.5,0.1114,true,notional-cap,stop,ETHUSDT-1789060500000
2026-09-11T13:00:00.000Z,BTCUSDT,15m,ENTRY,LONG,BREAKOUT_RETEST,78069.89544,0.02410882,77453.95992,78896.26012,79473.1802,13.91,0,0,0,0,0,9406.161537,0.55,0.5,0.1479,true,notional-cap,,BTCUSDT-1789131600000
2026-09-11T13:30:00.000Z,BTCUSDT,15m,EXIT,LONG,BREAKOUT_RETEST,77415.23294004,0.02410882,77453.95992,78896.26012,79473.1802,13.91,3.748563,1.874278,0.017563,-19.549266,-19.549266,9386.612271,0.55,0.5,0.1479,true,notional-cap,stop,BTCUSDT-1789131600000
2026-09-11T20:30:00.000Z,SOLUSDT,15m,ENTRY,LONG,BREAKOUT_RETEST,102.561255,18.31355433,102.02028,103.24458,103.7343,8.97,0,0,0,0,0,9386.612271,0.55,0.5,0.0955,true,notional-cap,,SOLUSDT-1789158600000
2026-09-11T20:45:00.000Z,SOLUSDT,15m,EXIT,LONG,BREAKOUT_RETEST,101.96926986,18.31355433,102.02028,103.24458,103.7343,8.97,3.745681,1.872838,0.011737,-14.59877,-14.59877,9372.013501,0.55,0.5,0.0955,true,notional-cap,stop,SOLUSDT-1789158600000
2026-09-12T07:00:00.000Z,ETHUSDT,15m,ENTRY,LONG,BREAKOUT_RETEST,2520.769755,0.74395525,2496.34452,2554.25822,2577.4237,17.23,0,0,0,0,0,9372.013501,0.55,0.5,0.1839,true,notional-cap,,ETHUSDT-1789196400000
2026-09-12T19:00:00.000Z,ETHUSDT,15m,EXIT,LONG,BREAKOUT_RETEST,2521.69852,0.74395525,2496.34452,2554.25822,2577.4237,17.23,3.751371,1.875686,0.28851,-3.348922,-3.348922,9368.664579,0.55,0.5,0.1839,true,notional-cap,time,ETHUSDT-1789196400000
2026-09-13T14:30:00.000Z,ETHUSDT,15m,ENTRY,LONG,BREAKOUT_RETEST,2492.00538,0.75227357,2479.95036,2506.97446,2517.7841,8.13,0,0,0,0,0,9368.664579,0.55,0.5,0.0868,true,notional-cap,,ETHUSDT-1789309800000
2026-09-13T22:00:00.000Z,ETHUSDT,15m,EXIT,LONG,BREAKOUT_RETEST,2498.24017504,0.75227357,2479.95036,2506.97446,2517.7841,8.13,3.75403,1.877017,0.123517,0.812725,0.812725,9369.477304,0.55,0.5,0.0868,true,notional-cap,stop,ETHUSDT-1789309800000
2026-09-14T16:45:00.000Z,ETHUSDT,15m,ENTRY,LONG,BREAKOUT_RETEST,2523.911325,0.74282816,2505.09936,2548.97596,2566.5266,13.04,0,0,0,0,0,9369.477304,0.55,0.5,0.1391,true,notional-cap,,ETHUSDT-1789404300000
2026-09-14T20:00:00.000Z,ETHUSDT,15m,EXIT,LONG,BREAKOUT_RETEST,2556.47240436,0.74282816,2505.09936,2548.97596,2566.5266,13.04,3.773852,1.886933,0.07361,20.339825,20.339825,9389.817129,0.55,0.5,0.1391,true,notional-cap,tp2,ETHUSDT-1789404300000
2026-09-14T19:15:00.000Z,BTCUSDT,15m,ENTRY,SHORT,BEARISH_DIVERGENCE,79036.74186,0.02371572,79732.23832,78092.34252,77436.3842,15.56,0,0,0,0,0,9389.817129,0.8,0.5,0.1659,true,notional-cap,,BTCUSDT-1789413300000
2026-09-15T05:00:00.000Z,BTCUSDT,15m,EXIT,SHORT,BEARISH_DIVERGENCE,77803.24554168,0.02371572,79732.23832,78092.34252,77436.3842,15.56,3.719573,1.859794,0.177344,25.356336,25.356336,9415.173465,0.8,0.5,0.1659,true,notional-cap,tp2,BTCUSDT-1789413300000
2026-09-15T18:00:00.000Z,BTCUSDT,15m,ENTRY,LONG,BREAKOUT_RETEST,77003.06229,0.02446625,76577.46,77545.26,77932.38,9.47,0,0,0,0,0,9415.173465,0.55,0.5,0.1006,true,notional-cap,,BTCUSDT-1789495200000
2026-09-15T18:15:00.000Z,BTCUSDT,15m,EXIT,LONG,BREAKOUT_RETEST,76539.17127,0.02446625,76577.46,77545.26,77932.38,9.47,3.756603,1.878299,0.011758,-15.118035,-15.118035,9400.05543,0.55,0.5,0.1006,true,notional-cap,stop,BTCUSDT-1789495200000
2026-09-16T18:45:00.000Z,BTCUSDT,15m,ENTRY,LONG,BREAKOUT_RETEST,76011.16659,0.02474572,75700.3824,76382.3764,76655.174,6.75,0,0,0,0,0,9400.05543,0.55,0.5,0.0718,true,notional-cap,,BTCUSDT-1789584300000
2026-09-16T18:45:00.000Z,BTCUSDT,15m,EXIT,LONG,BREAKOUT_RETEST,75662.5322088,0.02474572,75700.3824,76382.3764,76655.174,6.75,3.753275,1.876636,0.005849,-12.386333,-12.386333,9387.669097,0.55,0.5,0.0718,true,notional-cap,stop,BTCUSDT-1789584300000
2026-09-16T18:45:00.000Z,ETHUSDT,15m,ENTRY,LONG,BREAKOUT_RETEST,2410.70475,0.78024947,2395.88796,2429.91806,2443.5301,10.62,0,0,0,0,0,9387.669097,0.55,0.5,0.113,true,notional-cap,,ETHUSDT-1789584300000
2026-09-16T18:45:00.000Z,ETHUSDT,15m,EXIT,LONG,BREAKOUT_RETEST,2394.69001602,0.78024947,2395.88796,2429.91806,2443.5301,10.62,3.749407,1.874701,0.005848,-16.250742,-16.250742,9371.418355,0.55,0.5,0.113,true,notional-cap,stop,ETHUSDT-1789584300000
2026-09-16T23:45:00.000Z,BTCUSDT,15m,ENTRY,LONG,BREAKOUT_RETEST,76250.576235,0.02459287,75700.3824,76980.6014,77492.689,12.59,0,0,0,0,0,9371.418355,0.65,0.5,0.1344,true,notional-cap,,BTCUSDT-1789602300000
2026-09-17T11:45:00.000Z,BTCUSDT,15m,EXIT,LONG,BREAKOUT_RETEST,76446.73751,0.02459287,75700.3824,76980.6014,77492.689,12.59,3.755265,1.877634,0.281966,0.786938,0.786938,9372.205293,0.65,0.5,0.1344,true,notional-cap,time,BTCUSDT-1789602300000
2026-09-18T01:15:00.000Z,ETHUSDT,15m,ENTRY,LONG,BREAKOUT_RETEST,2451.94536,0.76485321,2432.99892,2477.30162,2495.0227,13.55,0,0,0,0,0,9372.205293,0.55,0.5,0.1446,true,notional-cap,,ETHUSDT-1789694100000
2026-09-18T07:00:00.000Z,ETHUSDT,15m,EXIT,LONG,BREAKOUT_RETEST,2484.91907892,0.76485321,2432.99892,2477.30162,2495.0227,13.55,3.775977,1.887995,0.097449,21.346629,21.346629,9393.551922,0.55,0.5,0.1446,true,notional-cap,tp2,ETHUSDT-1789694100000
2026-09-18T01:45:00.000Z,BTCUSDT,15m,ENTRY,LONG,BREAKOUT_RETEST,76733.3475,0.02443757,76368.61872,77184.57192,77510.9532,7.98,0,0,0,0,0,9393.551922,0.55,0.5,0.0851,true,notional-cap,,BTCUSDT-1789695900000
2026-09-18T03:15:00.000Z,BTCUSDT,15m,EXIT,LONG,BREAKOUT_RETEST,77309.08867872,0.02443757,76368.61872,77184.57192,77510.9532,7.98,3.764423,1.882215,0.038214,10.267079,10.267079,9403.819001,0.55,0.5,0.0851,true,notional-cap,tp2,BTCUSDT-1789695900000
2026-09-20T10:00:00.000Z,BTCUSDT,15m,ENTRY,LONG,BREAKOUT_RETEST,80510.245005,0.02337223,79801.6614,81472.5329,82140.8815,15.62,0,0,0,0,0,9403.819001,0.55,0.5,0.1661,true,notional-cap,,BTCUSDT-1789898400000
2026-09-20T22:00:00.000Z,BTCUSDT,15m,EXIT,LONG,BREAKOUT_RETEST,81343.07456678,0.02337223,79801.6614,81472.5329,82140.8815,15.62,3.782873,1.891442,0.224142,15.458069,15.458069,9419.27707,0.55,0.5,0.1661,true,notional-cap,time,BTCUSDT-1789898400000
