timestamp,instrument,timeframe,direction,setup_type,entry_price,stop_loss,take_profit_1,take_profit_2,quantity,risk_amount,fees,slippage,funding,realized_pnl,account_balance_change
2026-06-24T09:00:00.000Z,BTCUSDT,15m,LONG,BREAKOUT_RETEST,62831.670135,62211.69384,63683.13424,64271.7104,0.031847,18.74,3.981265,1.990628,0.105951,-24.822229,-24.822229
2026-06-25T13:30:00.000Z,ETHUSDT,15m,LONG,BREAKOUT_RETEST,1635.31725,1627.89228,1644.41158,1651.0193,1.2205785,8.07,3.98201,1.991003,0.006075,-14.044329,-14.044329
2026-06-26T04:00:00.000Z,SOLUSDT,15m,LONG,BREAKOUT_RETEST,68.244105,67.89732,68.67902,68.9917,29.20725243,9.13,4.002709,2.001359,0.062319,12.19866,12.19866
2026-06-26T13:15:00.000Z,SOLUSDT,15m,LONG,BREAKOUT_RETEST,68.97447,68.724,69.264,69.48,28.93336844,6.25,3.983086,1.991542,0.00622,-12.230455,-12.230455
2026-06-27T13:15:00.000Z,SOLUSDT,15m,LONG,BREAKOUT_RETEST,72.29613,72.02076,72.61886,72.8581,27.57016786,6.6,3.997626,1.998816,0.031243,7.164089,7.164089
2026-07-01T02:00:00.000Z,BTCUSDT,15m,LONG,BREAKOUT_RETEST,58804.3875,58266,59538.5,60047.5,0.03392009,17.27,4.020639,2.010328,0.305939,27.01197,27.01197
2026-07-02T14:45:00.000Z,ETHUSDT,15m,SHORT,BEARISH_DIVERGENCE,1694.5523,1699.75192,1688.87212,1684.5202,1.17946231,5.13,4.004456,2.002227,0.006272,-11.14588,-11.14588
2026-07-02T14:30:00.000Z,BTCUSDT,15m,SHORT,BEARISH_DIVERGENCE,61642.42337,62210.35,60867.625,60330.535,0.03241365,17.41,3.987952,1.993979,0.305528,3.866441,3.866441
2026-07-04T15:30:00.000Z,SOLUSDT,15m,LONG,BREAKOUT_RETEST,82.26111,81.49272,83.31092,84.0382,24.29578756,17.67,3.977538,1.988765,0.199371,-23.835515,-23.835515
2026-07-07T05:45:00.000Z,SOLUSDT,15m,LONG,BREAKOUT_RETEST,81.0405,80.46684,81.79974,82.3329,24.60287099,13.12,3.995996,1.998001,0.178209,4.163952,4.163952
2026-07-08T17:45:00.000Z,BTCUSDT,15m,LONG,BREAKOUT_RETEST,62290.879875,62085.24168,62521.51248,62696.0208,0.03202174,5.59,3.981746,1.990871,0.006215,-11.566892,-11.566892
2026-07-09T13:30:00.000Z,BTCUSDT,15m,LONG,BREAKOUT_RETEST,62755.892265,62419.90764,63181.46354,63486.0859,0.03174758,9.67,3.990451,1.995228,0.018741,1.746685,1.746685
2026-07-13T00:30:00.000Z,BTCUSDT,15m,LONG,BREAKOUT_RETEST,64215.541725,63644.4,64992.025,65531.075,0.03103138,16.73,3.966683,1.983337,0.006186,-22.683671,-22.683671
2026-07-13T07:45:00.000Z,ETHUSDT,15m,LONG,BREAKOUT_RETEST,1788.45378,1779.36396,1799.85406,1808.0501,1.11166314,9.11,3.965222,1.982609,0.074451,-15.133518,-15.133518
2026-07-13T07:45:00.000Z,BTCUSDT,15m,LONG,BREAKOUT_RETEST,63005.94723,62667.08496,63435.52256,63742.8976,0.03155509,9.7,3.964635,1.982315,0.124254,-15.770451,-15.770451
2026-07-14T00:15:00.000Z,BTCUSDT,15m,LONG,BREAKOUT_RETEST,62471.230005,62185.26996,62822.12006,63076.8601,0.03172619,8.08,3.978123,1.989066,0.214163,9.98251,9.98251
2026-07-15T18:30:00.000Z,SOLUSDT,15m,LONG,BREAKOUT_RETEST,77.99898,77.46888,78.69668,79.1878,25.43586806,12.49,3.953475,1.976734,0.024655,-18.446928,-18.446928
2026-07-16T06:00:00.000Z,SOLUSDT,15m,LONG,BREAKOUT_RETEST,77.528745,77.16012,77.98482,78.3147,25.54253308,8.43,3.95016,1.975078,0.018522,-14.369731,-14.369731
2026-07-16T14:15:00.000Z,BTCUSDT,15m,LONG,BREAKOUT_RETEST,64667.327505,64227.06,65246.935,65654.885,0.03057812,12.47,3.940366,1.97018,0.067867,-18.452757,-18.452757
2026-07-16T14:15:00.000Z,SOLUSDT,15m,LONG,BREAKOUT_RETEST,76.69833,75.98484,77.67274,78.3479,25.78159329,17.41,3.935436,1.967714,0.067707,-23.377557,-23.377557
2026-07-17T10:00:00.000Z,BTCUSDT,15m,LONG,BREAKOUT_RETEST,63031.64007,62667.08496,63499.72256,63832.7776,0.03123883,10.4,3.925702,1.962849,0.092378,-16.385178,-16.385178
2026-07-19T14:15:00.000Z,SOLUSDT,15m,LONG,BREAKOUT_RETEST,76.308135,75.55656,77.34016,78.0536,25.76076889,18.38,3.911178,1.955584,0.073597,-24.319122,-24.319122
2026-07-21T07:30:00.000Z,SOLUSDT,15m,SHORT,BEARISH_DIVERGENCE,78.52072,79.00476,77.89286,77.4481,24.94793812,11.1,3.897617,1.948814,0.216718,16.128541,16.128541
2026-07-21T09:30:00.000Z,ETHUSDT,15m,SHORT,BEARISH_DIVERGENCE,1937.540745,1954.41652,1914.65022,1898.7437,1.01125037,16.09,3.902462,1.951235,0.253322,12.059982,12.059982
2026-07-23T09:30:00.000Z,ETHUSDT,15m,LONG,BREAKOUT_RETEST,1930.274655,1913.35584,1953.24124,1969.1954,1.01878274,16.25,3.91485,1.957421,0.079656,-22.20575,-22.20575
2026-07-25T19:30:00.000Z,ETHUSDT,15m,SHORT,BEARISH_DIVERGENCE,1874.48229,1884.66864,1861.54704,1852.2984,1.04568927,9.67,3.931889,1.965942,0.220807,-15.789842,-15.789842
2026-07-26T06:00:00.000Z,ETHUSDT,15m,SHORT,BEARISH_DIVERGENCE,1882.328365,1899.066,1859.576,1843.78,1.03965369,16.42,3.932328,1.96616,0.220564,-22.541421,-22.541421
2026-07-26T09:15:00.000Z,BTCUSDT,15m,LONG,BREAKOUT_RETEST,64532.08992,64029.57312,65205.24032,65675.5072,0.03034387,14.27,3.923912,1.961958,0.30034,3.380605,3.380605
2026-07-26T15:00:00.000Z,SOLUSDT,15m,LONG,BREAKOUT_RETEST,75.07752,74.5506,75.7741,76.2635,26.03595194,12.74,3.932947,1.96648,0.113567,19.470996,19.470996
2026-07-28T11:45:00.000Z,BTCUSDT,15m,LONG,BREAKOUT_RETEST,63428.128215,62806.764,64280.929,64870.595,0.03088519,18.21,3.897819,1.948905,0.055042,-24.113712,-24.113712
2026-07-29T03:00:00.000Z,SOLUSDT,15m,LONG,BREAKOUT_RETEST,73.71684,73.31556,74.22666,74.5911,26.50906486,9.66,3.89672,1.948357,0.012164,-15.518204,-15.518204
2026-07-29T18:15:00.000Z,BTCUSDT,15m,LONG,BREAKOUT_RETEST,64367.1675,64037.49132,64781.26302,65078.7717,0.03031141,9.02,3.891156,1.945576,0.006072,-14.860711,-14.860711
2026-07-29T18:15:00.000Z,ETHUSDT,15m,LONG,BREAKOUT_RETEST,1917.7584,1906.97148,1931.54278,1941.3713,1.01736449,10,3.890174,1.945085,0.006066,-15.840512,-15.840512
2026-07-30T08:45:00.000Z,BTCUSDT,15m,LONG,BREAKOUT_RETEST,64377.85284,64037.49132,64807.96302,65116.1517,0.03021095,9.31,3.9065,1.953255,0.103755,12.657836,12.657836
2026-07-30T09:15:00.000Z,SOLUSDT,15m,LONG,BREAKOUT_RETEST,74.037,73.31556,75.02666,75.7111,26.26142362,17.97,3.898502,1.949254,0.299407,5.670477,5.670477
2026-07-31T01:30:00.000Z,ETHUSDT,15m,LONG,BREAKOUT_RETEST,1930.86495,1913.35584,1954.71624,1971.2604,1.00917647,16.7,3.878532,1.939262,0.012078,-22.525848,-22.525848
2026-08-01T00:45:00.000Z,ETHUSDT,15m,LONG,BREAKOUT_RETEST,1867.97352,1858.91448,1879.22828,1887.3538,1.04074069,8.46,3.888258,1.94413,0.297742,-4.079871,-4.079871
2026-08-04T02:00:00.000Z,ETHUSDT,15m,LONG,BREAKOUT_RETEST,1868.57382,1858.91448,1880.72828,1889.4538,1.03996944,9.07,3.875507,1.937751,0.036351,-14.923884,-14.923884
2026-08-04T02:00:00.000Z,SOLUSDT,15m,LONG,BREAKOUT_RETEST,73.806885,73.27572,74.51142,75.0057,26.32897563,13.01,3.87157,1.935782,0.133381,-18.954618,-18.954618
2026-08-04T11:15:00.000Z,ETHUSDT,15m,LONG,BREAKOUT_RETEST,1867.91349,1858.91448,1879.07828,1887.1438,1.03670786,8.36,3.877777,1.93889,0.042468,0.895933,0.895933
2026-08-05T12:45:00.000Z,BTCUSDT,15m,LONG,BREAKOUT_RETEST,64502.245005,64162.32996,64931.53006,65239.2101,0.03002469,9.24,3.862151,1.931073,0.012054,-15.043276,-15.043276
2026-08-07T20:00:00.000Z,ETHUSDT,15m,LONG,BREAKOUT_RETEST,1919.829435,1905.6468,1938.7048,1951.928,1.0071987,13.32,3.861994,1.930996,0.295455,-9.462561,-9.462561
2026-08-08T09:00:00.000Z,ETHUSDT,15m,LONG,BREAKOUT_RETEST,1917.85845,1905.6468,1933.7798,1945.033,1.00724652,11.33,3.865276,1.932639,0.290256,-2.391577,-2.391577
2026-08-09T06:45:00.000Z,ETHUSDT,15m,LONG,BREAKOUT_RETEST,1918.928985,1905.6468,1936.4548,1948.778,1.00643521,12.4,3.864246,1.932124,0.296096,-2.4693,-2.4693
2026-08-10T20:00:00.000Z,SOLUSDT,15m,LONG,BREAKOUT_RETEST,76.21809,75.43704,77.29444,78.0374,25.33235331,18.82,3.846218,1.923106,0.295025,-19.490495,-19.490495
2026-08-11T19:45:00.000Z,ETHUSDT,15m,LONG,BREAKOUT_RETEST,1872.785925,1863.44628,1884.45558,1892.8593,1.02888617,8.65,3.869125,1.934567,0.109005,11.380245,11.380245
2026-08-11T20:30:00.000Z,BTCUSDT,15m,LONG,BREAKOUT_RETEST,63706.8375,63200.06448,64387.40328,64862.3388,0.03026465,14.37,3.857313,1.928657,0.295389,-2.969549,-2.969549
2026-08-12T21:30:00.000Z,BTCUSDT,15m,LONG,BREAKOUT_RETEST,63521.755005,63200.06448,63924.92828,64214.8738,0.03036072,8.8,3.865044,1.932525,0.244414,3.802454,3.802454
2026-08-13T13:00:00.000Z,ETHUSDT,15m,LONG,BREAKOUT_RETEST,1890.074565,1884.5814,1895.9529,1900.5015,1.02076787,4.64,3.860689,1.930345,0.051293,-1.877937,-1.877937
2026-08-13T13:00:00.000Z,SOLUSDT,15m,LONG,BREAKOUT_RETEST,76.17807,75.6462,76.8807,77.3745,25.32654592,12.51,3.844226,1.92211,0.072382,-18.344967,-18.344967
2026-08-13T14:00:00.000Z,BTCUSDT,15m,LONG,BREAKOUT_RETEST,63751.849995,63352.40268,64271.37098,64638.9583,0.03024044,11.12,3.842731,1.921363,0.060184,-16.94028,-16.94028
2026-08-14T16:00:00.000Z,SOLUSDT,15m,LONG,BREAKOUT_RETEST,75.687825,75.27768,76.20848,76.5808,25.39234064,9.45,3.832412,1.916204,0.047946,-15.250638,-15.250638
2026-08-14T16:00:00.000Z,BTCUSDT,15m,LONG,BREAKOUT_RETEST,63021.495,62590.61208,63589.08188,63988.4698,0.0304958,12.18,3.845213,1.922608,0.288223,-2.701811,-2.701811
2026-08-14T16:00:00.000Z,ETHUSDT,15m,LONG,BREAKOUT_RETEST,1882.490775,1865.7072,1905.3142,1921.157,1.02092986,16.17,3.843994,1.921997,0.28811,-3.920358,-3.920358
2026-08-15T10:30:00.000Z,SOLUSDT,15m,LONG,BREAKOUT_RETEST,75.347655,74.80956,76.06066,76.5611,25.44889136,12.74,3.840743,1.920373,0.294186,1.579365,1.579365
2026-08-15T11:00:00.000Z,BTCUSDT,15m,LONG,BREAKOUT_RETEST,63076.5225,62590.61208,63726.58188,64180.9698,0.03038296,13.81,3.833534,1.916768,0.293448,-3.495531,-3.495531
2026-08-15T13:15:00.000Z,ETHUSDT,15m,LONG,BREAKOUT_RETEST,1884.952005,1865.7072,1911.4642,1929.767,1.01676348,18.61,3.827699,1.913849,0.293287,-9.522334,-9.522334
2026-08-16T02:45:00.000Z,SOLUSDT,15m,LONG,BREAKOUT_RETEST,75.687825,75.27768,76.20848,76.5808,25.30427374,9.42,3.81912,1.909558,0.167082,-15.317047,-15.317047
2026-08-16T03:00:00.000Z,BTCUSDT,15m,LONG,BREAKOUT_RETEST,63152.86065,62664.72444,63806.16334,64262.7389,0.03030523,13.84,3.825397,1.912699,0.292616,-6.444681,-6.444681
2026-08-16T09:30:00.000Z,ETHUSDT,15m,LONG,BREAKOUT_RETEST,1882.790925,1869.72108,1900.04338,1912.1723,1.01541129,12.32,3.809394,1.904694,0.29281,-18.32274,-18.32274
2026-08-17T01:30:00.000Z,BTCUSDT,15m,LONG,BREAKOUT_RETEST,63150.989715,62750.13144,63673.37784,64042.6764,0.03020071,11.15,3.828907,1.914458,0.206651,10.462376,10.462376
2026-08-17T23:45:00.000Z,ETHUSDT,15m,LONG,BREAKOUT_RETEST,1913.506275,1904.85996,1924.08506,1931.7751,0.99721623,7.67,3.806787,1.903392,0.047608,-13.426419,-13.426419
2026-08-17T21:00:00.000Z,SOLUSDT,15m,LONG,BREAKOUT_RETEST,76.027995,75.6462,76.5057,76.8495,25.11309238,8.63,3.808058,1.904027,0.119122,-14.465088,-14.465088
2026-08-19T09:00:00.000Z,BTCUSDT,15m,LONG,BREAKOUT_RETEST,64448.08794,63787.43556,65358.54666,65986.9911,0.02953877,18.56,3.84264,1.921329,0.137459,31.225523,31.225523
2026-08-23T09:15:00.000Z,BTCUSDT,15m,LONG,BREAKOUT_RETEST,76618.29,76202.35644,77146.46534,77524.1089,0.02492832,9.41,3.83684,1.918425,0.077876,12.994898,12.994898
2026-08-26T11:45:00.000Z,ETHUSDT,15m,LONG,BREAKOUT_RETEST,2463.33105,2444.81148,2488.03278,2505.3213,0.77641431,13.42,3.809803,1.904898,0.023898,-19.161654,-19.161654
2026-08-28T06:30:00.000Z,ETHUSDT,15m,LONG,BREAKOUT_RETEST,2502.2505,2478.81492,2534.27762,2556.4627,0.76280581,16.92,3.79864,1.899316,0.184551,-22.805415,-22.805415
2026-08-30T03:45:00.000Z,BTCUSDT,15m,LONG,BREAKOUT_RETEST,78230.0955,77805.528,78769.208,79154.68,0.02434061,9.38,3.821141,1.910574,0.253024,8.730595,8.730595
2026-08-31T05:45:00.000Z,SOLUSDT,15m,LONG,BREAKOUT_RETEST,102.581265,101.87088,103.51868,104.1778,18.57956089,12.25,3.819581,1.909793,0.146594,3.784893,3.784893
2026-08-31T05:45:00.000Z,ETHUSDT,15m,LONG,BREAKOUT_RETEST,2436.727755,2422.77,2454.62,2467.36,0.78216159,9.96,3.829844,1.914927,0.15837,14.026336,14.026336
2026-08-31T15:15:00.000Z,BTCUSDT,15m,LONG,BREAKOUT_RETEST,78359.16,77805.528,79091.708,79606.18,0.02436829,12.54,3.826924,1.913464,0.16792,3.971425,3.971425
2026-09-01T14:30:00.000Z,BTCUSDT,15m,LONG,BREAKOUT_RETEST,78295.978425,77874.14244,78830.91134,79213.6189,0.02439811,9.34,3.809306,1.904651,0.017871,-15.069168,-15.069168
2026-09-02T03:30:00.000Z,SOLUSDT,15m,LONG,BREAKOUT_RETEST,100.63029,99.9486,101.5271,102.1585,18.95312264,11.97,3.800649,1.900322,0.017801,-17.685773,-17.685773
2026-09-03T11:45:00.000Z,BTCUSDT,15m,LONG,BREAKOUT_RETEST,77969.84544,77556.31884,78492.72174,78867.2829,0.0244161,9.15,3.823818,1.911913,0.038832,12.516083,12.516083
2026-09-03T11:45:00.000Z,SOLUSDT,15m,LONG,BREAKOUT_RETEST,100.940445,99.9486,102.3021,103.2435,18.85982674,17.75,3.841027,1.920523,0.071893,29.675838,29.675838
2026-09-03T16:30:00.000Z,ETHUSDT,15m,SHORT,BEARISH_DIVERGENCE,2490.27424,2499.83952,2479.04072,2470.7212,0.76708447,6.38,3.828798,1.914397,0.023927,-12.148896,-12.148896
2026-09-05T18:30:00.000Z,ETHUSDT,15m,SHORT,BEARISH_DIVERGENCE,2475.06185,2495.5424,2447.4364,2428.194,0.77081796,14.83,3.832393,1.916193,0.161436,-20.742409,-20.742409
2026-09-05T18:30:00.000Z,SOLUSDT,15m,SHORT,BEARISH_DIVERGENCE,103.778085,104.57664,102.71004,101.9634,18.38367067,13.73,3.831286,1.91564,0.196386,-19.669295,-19.669295
2026-09-07T05:45:00.000Z,BTCUSDT,15m,LONG,BREAKOUT_RETEST,79899.919995,79259.64816,80760.50276,81360.8446,0.02380033,14.29,3.787107,1.89355,0.047375,-20.016365,-20.016365
2026-09-07T20:00:00.000Z,SOLUSDT,15m,LONG,BREAKOUT_RETEST,104.41218,103.39476,105.80786,106.7731,18.17450087,17.54,3.775848,1.88792,0.064915,-23.271438,-23.271438
2026-09-08T15:15:00.000Z,BTCUSDT,15m,LONG,BREAKOUT_RETEST,78679.32,77874.14244,79788.78634,80554.6439,0.02405947,18.43,3.782599,1.891299,0.283699,-7.432443,-7.432443
2026-09-08T15:15:00.000Z,ETHUSDT,15m,LONG,BREAKOUT_RETEST,2490.094425,2471.66364,2514.62954,2531.8159,0.76020516,13.07,3.783184,1.891592,0.283912,-6.848128,-6.848128
2026-09-08T23:15:00.000Z,SOLUSDT,15m,LONG,BREAKOUT_RETEST,103.4517,102.84696,104.22956,104.7826,18.26774579,10.1,3.797965,1.898988,0.153987,14.354648,14.354648
2026-09-09T12:15:00.000Z,ETHUSDT,15m,LONG,BREAKOUT_RETEST,2502.360555,2479.95036,2532.84946,2554.0091,0.7564847,16.01,3.768104,1.884048,0.071057,-21.730152,-21.730152
2026-09-10T03:15:00.000Z,SOLUSDT,15m,LONG,BREAKOUT_RETEST,101.980965,101.32308,102.84038,103.4473,18.51962532,11.24,3.764177,1.882085,0.100228,-16.986421,-16.986421
2026-09-10T03:15:00.000Z,BTCUSDT,15m,LONG,BREAKOUT_RETEST,78418.36959,77874.14244,79136.73634,79641.7739,0.02408427,12.16,3.763253,1.881624,0.176624,-17.984962,-17.984962
2026-09-10T17:15:00.000Z,ETHUSDT,15m,LONG,BREAKOUT_RETEST,2454.676725,2439.78168,2473.95248,2487.6208,0.76655776,10.48,3.769746,1.884875,0.067845,2.605878,2.605878
2026-09-11T13:00:00.000Z,BTCUSDT,15m,LONG,BREAKOUT_RETEST,78069.89544,77453.95992,78896.26012,79473.1802,0.02410882,13.91,3.748563,1.874278,0.017563,-19.549266,-19.549266
2026-09-11T20:30:00.000Z,SOLUSDT,15m,LONG,BREAKOUT_RETEST,102.561255,102.02028,103.24458,103.7343,18.31355433,8.97,3.745681,1.872838,0.011737,-14.59877,-14.59877
2026-09-12T07:00:00.000Z,ETHUSDT,15m,LONG,BREAKOUT_RETEST,2520.769755,2496.34452,2554.25822,2577.4237,0.74395525,17.23,3.751371,1.875686,0.28851,-3.348922,-3.348922
2026-09-13T14:30:00.000Z,ETHUSDT,15m,LONG,BREAKOUT_RETEST,2492.00538,2479.95036,2506.97446,2517.7841,0.75227357,8.13,3.75403,1.877017,0.123517,0.812725,0.812725
2026-09-14T16:45:00.000Z,ETHUSDT,15m,LONG,BREAKOUT_RETEST,2523.911325,2505.09936,2548.97596,2566.5266,0.74282816,13.04,3.773852,1.886933,0.07361,20.339825,20.339825
2026-09-14T19:15:00.000Z,BTCUSDT,15m,SHORT,BEARISH_DIVERGENCE,79036.74186,79732.23832,78092.34252,77436.3842,0.02371572,15.56,3.719573,1.859794,0.177344,25.356336,25.356336
2026-09-15T18:00:00.000Z,BTCUSDT,15m,LONG,BREAKOUT_RETEST,77003.06229,76577.46,77545.26,77932.38,0.02446625,9.47,3.756603,1.878299,0.011758,-15.118035,-15.118035
2026-09-16T18:45:00.000Z,BTCUSDT,15m,LONG,BREAKOUT_RETEST,76011.16659,75700.3824,76382.3764,76655.174,0.02474572,6.75,3.753275,1.876636,0.005849,-12.386333,-12.386333
2026-09-16T18:45:00.000Z,ETHUSDT,15m,LONG,BREAKOUT_RETEST,2410.70475,2395.88796,2429.91806,2443.5301,0.78024947,10.62,3.749407,1.874701,0.005848,-16.250742,-16.250742
2026-09-16T23:45:00.000Z,BTCUSDT,15m,LONG,BREAKOUT_RETEST,76250.576235,75700.3824,76980.6014,77492.689,0.02459287,12.59,3.755265,1.877634,0.281966,0.786938,0.786938
2026-09-18T01:45:00.000Z,BTCUSDT,15m,LONG,BREAKOUT_RETEST,76733.3475,76368.61872,77184.57192,77510.9532,0.02443757,7.98,3.764423,1.882215,0.038214,10.267079,10.267079
2026-09-18T01:15:00.000Z,ETHUSDT,15m,LONG,BREAKOUT_RETEST,2451.94536,2432.99892,2477.30162,2495.0227,0.76485321,13.55,3.775977,1.887995,0.097449,21.346629,21.346629
2026-09-20T10:00:00.000Z,BTCUSDT,15m,LONG,BREAKOUT_RETEST,80510.245005,79801.6614,81472.5329,82140.8815,0.02337223,15.62,3.782873,1.891442,0.224142,15.458069,15.458069
