id,symbol,timeframe,direction,setup_type,sample,confidence,entry_ts,entry_utc,exit_ts,exit_utc,entry_price,exit_price,stop_loss,take_profit_1,take_profit_2,quantity,notional,intended_risk_pct,actual_risk_pct,notional_cap_applied,binding_constraint,risk_amount,fees,slippage,funding,realized_pnl,r_multiple,holding_minutes,exit_reason
BTCUSDT-1782291600000,BTCUSDT,15m,LONG,BREAKOUT_RETEST,in-sample,0.55,1782291600000,2026-06-24T09:00:00.000Z,1782306000000,2026-06-24T13:00:00.000Z,62831.67013499999,62180.58799308,62211.69384,63683.13423999999,64271.71039999999,0.031847,2001.0002,0.5,0.1874,true,,18.74,3.981265,1.990628,0.105951,-24.822229,-1.3246,240,stop
ETHUSDT-1782394200000,ETHUSDT,15m,LONG,BREAKOUT_RETEST,in-sample,0.55,1782394200000,2026-06-25T13:30:00.000Z,1782394200000,2026-06-25T13:30:00.000Z,1635.3172499999998,1627.0783338600002,1627.89228,1644.41158,1651.0193,1.2205785,1996.0331,0.5,0.0809,true,,8.07,3.98201,1.991003,0.006075,-14.044329,-1.7403,0,stop
SOLUSDT-1782446400000,SOLUSDT,15m,LONG,BREAKOUT_RETEST,in-sample,0.55,1782446400000,2026-06-26T04:00:00.000Z,1782454500000,2026-06-26T06:15:00.000Z,68.24410499999999,68.80094231999996,68.24410499999999,68.67901999999998,68.99169999999995,29.20725243,1993.2228,0.5,0.0917,true,,9.13,4.002709,2.001359,0.062319,12.19866,1.3361,135,tp2
SOLUSDT-1782479700000,SOLUSDT,15m,LONG,BREAKOUT_RETEST,in-sample,0.55,1782479700000,2026-06-26T13:15:00.000Z,1782479700000,2026-06-26T13:15:00.000Z,68.97447,68.689638,68.724,69.26399999999998,69.47999999999999,28.93336844,1995.6638,0.5,0.0627,true,,6.25,3.983086,1.991542,0.00622,-12.230455,-1.9569,0,stop
SOLUSDT-1782566100000,SOLUSDT,15m,LONG,BREAKOUT_RETEST,in-sample,0.55,1782566100000,2026-06-27T13:15:00.000Z,1782570600000,2026-06-27T14:30:00.000Z,72.29613,72.70211076000002,72.29613,72.61886000000001,72.85810000000004,27.57016786,1993.2164,0.5,0.0662,true,,6.6,3.997626,1.998816,0.031243,7.164089,1.0855,75,tp2
SOLUSDT-1782634500000,SOLUSDT,15m,LONG,BREAKOUT_RETEST,in-sample,0.55,1782634500000,2026-06-28T08:15:00.000Z,1782634500000,2026-06-28T08:15:00.000Z,71.15556,71.15536452000002,71.15556,71.17322000000001,71.20870000000002,28.03224335,1994.65,0.5,0.01,true,,0.99,3.989294,1.994648,0.006239,-4.001013,-4.0414,0,tp2
BTCUSDT-1782871200000,BTCUSDT,15m,LONG,BREAKOUT_RETEST,in-sample,0.55,1782871200000,2026-07-01T02:00:00.000Z,1782914400000,2026-07-01T14:00:00.000Z,58804.3875,59728.280920000005,58804.3875,59538.5,60047.5,0.03390647,1993.8492,0.5,0.1732,true,,17.26,4.019024,2.009521,0.305816,27.001124,1.5644,720,time
BTCUSDT-1782981900000,BTCUSDT,15m,LONG,BREAKOUT_RETEST,in-sample,0.55,1782981900000,2026-07-02T08:45:00.000Z,1782981900000,2026-07-02T08:45:00.000Z,60478.514145,60409.58993508,60439.80984,60461.01024,60469.490399999995,0.03305723,1999.2522,0.5,0.0028,true,,0.28,3.996226,1.998113,0.006252,-6.280921,-22.4319,0,stop
BTCUSDT-1783002600000,BTCUSDT,15m,SHORT,BEARISH_DIVERGENCE,in-sample,0.8,1783002600000,2026-07-02T14:30:00.000Z,1783045800000,2026-07-03T02:30:00.000Z,61642.423370000004,61390.67999999999,62210.35,60867.62500000001,60330.53500000001,0.03238027,1995.9983,0.5,0.1742,true,,17.39,3.983845,1.991925,0.305214,3.86246,0.2221,720,time
ETHUSDT-1783003500000,ETHUSDT,15m,SHORT,BEARISH_DIVERGENCE,in-sample,0.8,1783003500000,2026-07-02T14:45:00.000Z,1783003500000,2026-07-02T14:45:00.000Z,1694.5523000000003,1700.60179596,1699.75192,1688.8721200000005,1684.5202000000004,1.17824774,1996.6024,0.5,0.0513,true,,5.13,4.000333,2.000165,0.006265,-11.134403,-2.1704,0,stop
SOLUSDT-1783179000000,SOLUSDT,15m,LONG,BREAKOUT_RETEST,in-sample,0.65,1783179000000,2026-07-04T15:30:00.000Z,1783206900000,2026-07-04T23:15:00.000Z,82.26110999999999,81.45197363999999,81.49271999999999,83.31092000000001,84.03820000000002,24.27076863,1996.5404,0.5,0.1769,true,,17.65,3.973442,1.986717,0.199166,-23.81097,-1.3491,465,stop
SOLUSDT-1783403100000,SOLUSDT,15m,LONG,BREAKOUT_RETEST,in-sample,0.7,1783403100000,2026-07-07T05:45:00.000Z,1783430100000,2026-07-07T13:15:00.000Z,81.0405,81.37940993999999,81.0405,81.79973999999999,82.3329,24.57753583,1991.7758,0.5,0.1316,true,,13.1,3.991881,1.995943,0.178025,4.159665,0.3175,450,stop
BTCUSDT-1783532700000,BTCUSDT,15m,LONG,BREAKOUT_RETEST,in-sample,0.65,1783532700000,2026-07-08T17:45:00.000Z,1783532700000,2026-07-08T17:45:00.000Z,62290.879875,62054.199059160004,62085.24168,62521.512480000005,62696.0208,0.03198876,1992.608,0.5,0.0561,true,,5.58,3.977645,1.988821,0.006208,-11.554979,-2.0708,0,stop
BTCUSDT-1783603800000,BTCUSDT,15m,LONG,BREAKOUT_RETEST,in-sample,0.55,1783603800000,2026-07-09T13:30:00.000Z,1783606500000,2026-07-09T14:15:00.000Z,62755.892264999995,62937.193563548746,62755.892264999995,63181.46354,63486.085900000005,0.03171489,1990.2962,0.5,0.0971,true,,9.66,3.986342,1.993173,0.018722,1.744886,0.1806,45,stop
BTCUSDT-1783902600000,BTCUSDT,15m,LONG,BREAKOUT_RETEST,in-sample,0.55,1783902600000,2026-07-13T00:30:00.000Z,1783902600000,2026-07-13T00:30:00.000Z,64215.541724999995,63612.57780000001,63644.4,64992.024999999994,65531.07499999998,0.03099943,1990.6452,0.5,0.168,true,,16.71,3.962599,1.981295,0.006179,-22.660316,-1.3561,0,stop
BTCUSDT-1783928700000,BTCUSDT,15m,LONG,BREAKOUT_RETEST,in-sample,0.55,1783928700000,2026-07-13T07:45:00.000Z,1783945800000,2026-07-13T12:30:00.000Z,63005.94723,62635.751417520005,62667.08496,63435.52256,63742.8976,0.03152259,1986.1106,0.5,0.0976,true,,9.69,3.960552,1.980273,0.124126,-15.754208,-1.6258,285,stop
ETHUSDT-1783928700000,ETHUSDT,15m,LONG,BREAKOUT_RETEST,in-sample,0.55,1783928700000,2026-07-13T07:45:00.000Z,1783938600000,2026-07-13T10:30:00.000Z,1788.4537799999998,1778.47427802,1779.36396,1799.8540600000001,1808.0501,1.11051839,1986.1108,0.5,0.0917,true,,9.1,3.961139,1.980567,0.074374,-15.117934,-1.6613,165,stop
BTCUSDT-1783988100000,BTCUSDT,15m,LONG,BREAKOUT_RETEST,in-sample,0.55,1783988100000,2026-07-14T00:15:00.000Z,1784031300000,2026-07-14T12:15:00.000Z,62471.230005,62918.01533495999,62471.230005,62822.12006,63076.86009999999,0.03169352,1979.9332,0.5,0.0816,true,,8.07,3.974027,1.987017,0.213942,9.972231,1.2357,720,tp2
SOLUSDT-1784140200000,SOLUSDT,15m,LONG,BREAKOUT_RETEST,in-sample,0.65,1784140200000,2026-07-15T18:30:00.000Z,1784142900000,2026-07-15T19:15:00.000Z,77.99897999999999,77.43014556,77.46888,78.69667999999999,79.18779999999998,25.40967511,1981.9287,0.5,0.126,true,,12.48,3.949404,1.974699,0.02463,-18.427932,-1.4766,45,stop
SOLUSDT-1784181600000,SOLUSDT,15m,LONG,BREAKOUT_RETEST,in-sample,0.55,1784181600000,2026-07-16T06:00:00.000Z,1784183400000,2026-07-16T06:30:00.000Z,77.52874499999999,77.12153993999999,77.16011999999999,77.98482,78.3147,25.51623029,1978.2413,0.5,0.0851,true,,8.42,3.946092,1.973044,0.018503,-14.354934,-1.7049,30,stop
BTCUSDT-1784211300000,BTCUSDT,15m,LONG,BREAKOUT_RETEST,in-sample,0.65,1784211300000,2026-07-16T14:15:00.000Z,1784221200000,2026-07-16T17:00:00.000Z,64667.327505,64194.94647,64227.06,65246.93500000001,65654.88500000001,0.03054663,1975.3689,0.5,0.1262,true,,12.46,3.936308,1.968151,0.067797,-18.433754,-1.4794,165,stop
SOLUSDT-1784211300000,SOLUSDT,15m,LONG,BREAKOUT_RETEST,in-sample,0.65,1784211300000,2026-07-16T14:15:00.000Z,1784221200000,2026-07-16T17:00:00.000Z,76.69833,75.94684758000001,75.98484,77.67273999999998,78.34789999999998,25.75504433,1975.3689,0.5,0.1761,true,,17.39,3.931383,1.965687,0.067638,-23.353484,-1.3429,165,stop
BTCUSDT-1784282400000,BTCUSDT,15m,LONG,BREAKOUT_RETEST,in-sample,0.65,1784282400000,2026-07-17T10:00:00.000Z,1784295000000,2026-07-17T13:30:00.000Z,63031.640069999994,62635.751417520005,62667.08496,63499.722559999995,63832.7776,0.03120666,1967.007,0.5,0.1057,true,,10.39,3.92166,1.960827,0.092283,-16.368305,-1.5754,210,stop
SOLUSDT-1784470500000,SOLUSDT,15m,LONG,BREAKOUT_RETEST,in-sample,0.65,1784470500000,2026-07-19T14:15:00.000Z,1784480400000,2026-07-19T17:00:00.000Z,76.308135,75.51878172,75.55656,77.34015999999998,78.05359999999997,25.73424138,1963.732,0.5,0.1871,true,,18.36,3.907151,1.953571,0.073521,-24.294079,-1.3232,165,stop
SOLUSDT-1784619000000,SOLUSDT,15m,SHORT,BEARISH_DIVERGENCE,in-sample,0.8,1784619000000,2026-07-21T07:30:00.000Z,1784655900000,2026-07-21T17:45:00.000Z,78.52072000000001,77.70931524,78.52072000000001,77.89286,77.4481,24.92224763,1956.9128,0.5,0.1132,true,,11.08,3.893604,1.946807,0.216495,16.111932,1.4541,615,tp2
ETHUSDT-1784626200000,ETHUSDT,15m,SHORT,BEARISH_DIVERGENCE,in-sample,0.65,1784626200000,2026-07-21T09:30:00.000Z,1784669400000,2026-07-21T21:30:00.000Z,1937.540745,1921.5053825549996,1937.540745,1914.6502199999995,1898.7436999999995,1.01020902,1957.3211,0.5,0.1641,true,,16.07,3.898443,1.949226,0.253061,12.047563,0.7497,720,time
ETHUSDT-1784799000000,ETHUSDT,15m,LONG,BREAKOUT_RETEST,in-sample,0.65,1784799000000,2026-07-23T09:30:00.000Z,1784809800000,2026-07-23T12:30:00.000Z,1930.274655,1912.39916208,1913.35584,1953.2412399999998,1969.1954,1.01773363,1964.5054,0.5,0.1654,true,,16.24,3.910818,1.955405,0.079574,-22.182883,-1.3659,180,stop
ETHUSDT-1785007800000,ETHUSDT,15m,SHORT,BEARISH_DIVERGENCE,in-sample,0.8,1785007800000,2026-07-25T19:30:00.000Z,1785039300000,2026-07-26T04:15:00.000Z,1874.4822900000001,1885.61097432,1884.66864,1861.54704,1852.2984000000001,1.04461246,1958.1076,0.5,0.0986,true,,9.66,3.92784,1.963918,0.22058,-15.773583,-1.6329,525,stop
ETHUSDT-1785045600000,ETHUSDT,15m,SHORT,BEARISH_DIVERGENCE,in-sample,0.72,1785045600000,2026-07-26T06:00:00.000Z,1785077100000,2026-07-26T14:45:00.000Z,1882.328365,1900.015533,1899.066,1859.576,1843.7799999999997,1.03858309,1954.9544,0.5,0.1678,true,,16.41,3.928278,1.964135,0.220337,-22.518209,-1.3722,525,stop
BTCUSDT-1785057300000,BTCUSDT,15m,LONG,BREAKOUT_RETEST,in-sample,0.55,1785057300000,2026-07-26T09:15:00.000Z,1785100500000,2026-07-26T21:15:00.000Z,64532.08991999999,64782.71244,64029.57312,65205.24031999999,65675.5072,0.03031262,1956.1367,0.5,0.1458,true,,14.26,3.91987,1.959938,0.300031,3.377124,0.2368,720,time
SOLUSDT-1785078000000,SOLUSDT,15m,LONG,BREAKOUT_RETEST,in-sample,0.65,1785078000000,2026-07-26T15:00:00.000Z,1785104100000,2026-07-26T22:15:00.000Z,75.07752,75.98079060000005,75.07752,75.77410000000003,76.26350000000005,26.00914106,1952.7018,0.5,0.1304,true,,12.73,3.928897,1.964455,0.11345,19.450946,1.528,435,tp2
BTCUSDT-1785216600000,BTCUSDT,15m,LONG,BREAKOUT_RETEST,in-sample,0.55,1785216600000,2026-07-28T05:30:00.000Z,1785216600000,2026-07-28T05:30:00.000Z,63575.05164,63445.333464,63477.072,63642.592,63708.799999999996,0.03078208,1956.9723,0.5,0.0208,true,,2.04,3.909952,1.954975,0.006113,-7.90906,-3.877,0,stop
BTCUSDT-1785239100000,BTCUSDT,15m,LONG,BREAKOUT_RETEST,in-sample,0.55,1785239100000,2026-07-28T11:45:00.000Z,1785246300000,2026-07-28T13:45:00.000Z,63428.128215,62775.360618000006,62806.764,64280.929,64870.594999999994,0.03082843,1955.3896,0.5,0.186,true,,18.18,3.890655,1.945323,0.054941,-24.069396,-1.3239,120,stop
SOLUSDT-1785252600000,SOLUSDT,15m,LONG,BREAKOUT_RETEST,in-sample,0.65,1785252600000,2026-07-28T15:30:00.000Z,1785252600000,2026-07-28T15:30:00.000Z,74.30713499999999,74.18480904,74.22192,74.34212,74.3902,26.25015027,1950.5735,0.5,0.0129,true,,1.26,3.897936,1.948968,0.006112,-7.115123,-5.6469,0,stop
SOLUSDT-1785294000000,SOLUSDT,15m,LONG,BREAKOUT_RETEST,in-sample,0.55,1785294000000,2026-07-29T03:00:00.000Z,1785294900000,2026-07-29T03:15:00.000Z,73.71684,73.27890222,73.31556,74.22666000000001,74.59110000000001,26.44103741,1949.1497,0.5,0.0989,true,,9.64,3.88672,1.943358,0.012132,-15.478381,-1.6056,15,stop
BTCUSDT-1785348900000,BTCUSDT,15m,LONG,BREAKOUT_RETEST,in-sample,0.55,1785348900000,2026-07-29T18:15:00.000Z,1785348900000,2026-07-29T18:15:00.000Z,64367.167499999996,64005.472574340005,64037.49132,64781.26302,65078.7717,0.03023362,1946.0525,0.5,0.0925,true,,8.99,3.88117,1.940583,0.006056,-14.822573,-1.6488,0,stop
ETHUSDT-1785348900000,ETHUSDT,15m,LONG,BREAKOUT_RETEST,in-sample,0.55,1785348900000,2026-07-29T18:15:00.000Z,1785348900000,2026-07-29T18:15:00.000Z,1917.7584,1906.0179942600003,1906.9714800000002,1931.5427799999998,1941.3712999999993,1.01475374,1946.0525,0.5,0.1026,true,,9.97,3.880191,1.940093,0.006051,-15.799863,-1.5847,0,stop
BTCUSDT-1785401100000,BTCUSDT,15m,LONG,BREAKOUT_RETEST,in-sample,0.55,1785401100000,2026-07-30T08:45:00.000Z,1785419100000,2026-07-30T13:45:00.000Z,64377.85284,64929.57633132,64377.85284,64807.963019999996,65116.1517,0.03013342,1939.9249,0.5,0.0958,true,,9.29,3.896475,1.948242,0.103488,12.625352,1.359,300,tp2
SOLUSDT-1785402900000,SOLUSDT,15m,LONG,BREAKOUT_RETEST,in-sample,0.55,1785402900000,2026-07-30T09:15:00.000Z,1785446100000,2026-07-30T21:15:00.000Z,74.03699999999999,74.41277500000001,73.31556,75.02665999999999,75.71109999999999,26.19403167,1939.3275,0.5,0.185,true,,17.93,3.888498,1.944252,0.298639,5.655925,0.3154,720,time
ETHUSDT-1785461400000,ETHUSDT,15m,LONG,BREAKOUT_RETEST,in-sample,0.55,1785461400000,2026-07-31T01:30:00.000Z,1785462300000,2026-07-31T01:45:00.000Z,1930.86495,1912.39916208,1913.35584,1954.7162400000002,1971.2604000000006,1.00658673,1943.583,0.5,0.1715,true,,16.65,3.868579,1.934285,0.012047,-22.468043,-1.3494,15,stop
ETHUSDT-1785545100000,ETHUSDT,15m,LONG,BREAKOUT_RETEST,in-sample,0.55,1785545100000,2026-08-01T00:45:00.000Z,1785588300000,2026-08-01T12:45:00.000Z,1867.9735199999998,1868.075495,1858.9144800000001,1879.2282799999998,1887.3537999999994,1.03806995,1939.0872,0.5,0.087,true,,8.43,3.87828,1.939141,0.296978,-4.069401,-0.4827,720,time
ETHUSDT-1785808800000,ETHUSDT,15m,LONG,BREAKOUT_RETEST,in-sample,0.55,1785808800000,2026-08-04T02:00:00.000Z,1785813300000,2026-08-04T03:15:00.000Z,1868.57382,1857.9850227600002,1858.9144800000001,1880.72828,1889.4538,1.03730068,1938.2729,0.5,0.0934,true,,9.05,3.865562,1.932779,0.036258,-14.885587,-1.6448,75,stop
SOLUSDT-1785808800000,SOLUSDT,15m,LONG,BREAKOUT_RETEST,in-sample,0.55,1785808800000,2026-08-04T02:00:00.000Z,1785827700000,2026-08-04T07:15:00.000Z,73.806885,73.23908214,73.27571999999999,74.51142,75.0057,26.26141032,1938.2729,0.5,0.134,true,,12.98,3.861634,1.930814,0.133039,-18.905977,-1.4565,315,stop
ETHUSDT-1785842100000,ETHUSDT,15m,LONG,BREAKOUT_RETEST,in-sample,0.55,1785842100000,2026-08-04T11:15:00.000Z,1785850200000,2026-08-04T13:30:00.000Z,1867.91349,1872.5591370574998,1867.91349,1879.0782799999997,1887.1437999999998,1.03404746,1931.5112,0.5,0.0864,true,,8.34,3.867826,1.933915,0.042359,0.893634,0.1072,135,stop
BTCUSDT-1785933900000,BTCUSDT,15m,LONG,BREAKOUT_RETEST,in-sample,0.55,1785933900000,2026-08-05T12:45:00.000Z,1785934800000,2026-08-05T13:00:00.000Z,64502.245005,64130.24879502001,64162.32996,64931.530060000005,65239.2101,0.02994764,1931.69,0.5,0.0954,true,,9.21,3.85224,1.926118,0.012023,-15.004671,-1.6292,15,stop
ETHUSDT-1786132800000,ETHUSDT,15m,LONG,BREAKOUT_RETEST,in-sample,0.55,1786132800000,2026-08-07T20:00:00.000Z,1786176000000,2026-08-08T08:00:00.000Z,1919.8294349999999,1914.56224,1905.6468,1938.7047999999998,1951.9279999999997,1.00461403,1928.6876,0.5,0.1378,true,,13.28,3.852084,1.926041,0.294697,-9.438279,-0.7107,720,time
ETHUSDT-1786179600000,ETHUSDT,15m,LONG,BREAKOUT_RETEST,in-sample,0.55,1786179600000,2026-08-08T09:00:00.000Z,1786222800000,2026-08-08T21:00:00.000Z,1917.85845,1919.609715,1905.6468,1933.7798000000003,1945.0330000000004,1.00466173,1926.799,0.5,0.1174,true,,11.31,3.855357,1.92768,0.289511,-2.38544,-0.2109,720,time
ETHUSDT-1786257900000,ETHUSDT,15m,LONG,BREAKOUT_RETEST,in-sample,0.55,1786257900000,2026-08-09T06:45:00.000Z,1786301100000,2026-08-09T18:45:00.000Z,1918.928985,1920.609215,1905.6468,1936.4548,1948.7780000000002,1.0038525,1926.3217,0.5,0.1285,true,,12.37,3.85433,1.927166,0.295336,-2.462963,-0.1991,720,time
SOLUSDT-1786392000000,SOLUSDT,15m,LONG,BREAKOUT_RETEST,in-sample,0.55,1786392000000,2026-08-10T20:00:00.000Z,1786435200000,2026-08-11T08:00:00.000Z,76.21809,75.61217500000001,75.43704,77.29444000000002,78.03740000000003,25.26734554,1925.8288,0.5,0.1951,true,,18.77,3.836348,1.918171,0.294267,-19.440479,-1.0357,720,time
ETHUSDT-1786477500000,ETHUSDT,15m,LONG,BREAKOUT_RETEST,in-sample,0.55,1786477500000,2026-08-11T19:45:00.000Z,1786508100000,2026-08-12T04:15:00.000Z,1872.785925,1887.7131112799998,1872.785925,1884.4555799999996,1892.8592999999994,1.02624585,1921.9388,0.5,0.0898,true,,8.62,3.859197,1.929603,0.108726,11.351041,1.3168,510,tp2
BTCUSDT-1786480200000,BTCUSDT,15m,LONG,BREAKOUT_RETEST,in-sample,0.65,1786480200000,2026-08-11T20:30:00.000Z,1786523400000,2026-08-12T08:30:00.000Z,63706.837499999994,63745.931090000005,63200.06447999999,64387.40328000001,64862.33880000001,0.03018698,1923.117,0.5,0.1492,true,,14.34,3.847414,1.923708,0.294631,-2.961928,-0.2066,720,time
BTCUSDT-1786570200000,BTCUSDT,15m,LONG,BREAKOUT_RETEST,in-sample,0.55,1786570200000,2026-08-12T21:30:00.000Z,1786613400000,2026-08-13T09:30:00.000Z,63521.755005,63782.35201043002,63521.755005,63924.928280000015,64214.87380000002,0.03028281,1923.6172,0.5,0.0913,true,,8.78,3.855126,1.927565,0.243787,3.792696,0.432,720,time
ETHUSDT-1786626000000,ETHUSDT,15m,LONG,BREAKOUT_RETEST,in-sample,0.55,1786626000000,2026-08-13T13:00:00.000Z,1786634100000,2026-08-13T15:15:00.000Z,1890.074565,1892.0672256337502,1890.074565,1895.9529000000002,1900.5015000000003,1.01814838,1924.3764,0.5,0.0482,true,,4.63,3.850782,1.925392,0.051161,-1.873118,-0.4046,135,stop
SOLUSDT-1786626000000,SOLUSDT,15m,LONG,BREAKOUT_RETEST,in-sample,0.55,1786626000000,2026-08-13T13:00:00.000Z,1786635900000,2026-08-13T15:45:00.000Z,76.17806999999999,75.60837690000001,75.64620000000001,76.88069999999999,77.37449999999998,25.26155305,1924.3764,0.5,0.1297,true,,12.47,3.834361,1.917178,0.072197,-18.297891,-1.4674,165,stop
BTCUSDT-1786629600000,BTCUSDT,15m,LONG,BREAKOUT_RETEST,in-sample,0.55,1786629600000,2026-08-13T14:00:00.000Z,1786637700000,2026-08-13T16:15:00.000Z,63751.849995,63320.726478660006,63352.40268,64271.37097999999,64638.9583,0.03016284,1922.9369,0.5,0.1154,true,,11.09,3.83287,1.916432,0.06003,-16.896809,-1.5236,135,stop
BTCUSDT-1786723200000,BTCUSDT,15m,LONG,BREAKOUT_RETEST,in-sample,0.55,1786723200000,2026-08-14T16:00:00.000Z,1786766400000,2026-08-15T04:00:00.000Z,63021.494999999995,63068.440005000004,62590.612080000006,63589.08187999999,63988.469799999984,0.03041754,1916.9588,0.5,0.1268,true,,12.15,3.835346,1.917674,0.287483,-2.694877,-0.2218,720,time
ETHUSDT-1786723200000,ETHUSDT,15m,LONG,BREAKOUT_RETEST,in-sample,0.65,1786723200000,2026-08-14T16:00:00.000Z,1786766400000,2026-08-15T04:00:00.000Z,1882.4907749999998,1882.69818,1865.7072,1905.3141999999998,1921.1569999999997,1.01830995,1916.9591,0.5,0.1684,true,,16.13,3.834129,1.917065,0.287371,-3.910297,-0.2424,720,time
SOLUSDT-1786723200000,SOLUSDT,15m,LONG,BREAKOUT_RETEST,in-sample,0.65,1786723200000,2026-08-14T16:00:00.000Z,1786729500000,2026-08-14T17:45:00.000Z,75.687825,75.24004116,75.27768,76.20848000000001,76.58080000000001,25.32717892,1916.9591,0.5,0.0984,true,,9.43,3.822577,1.911286,0.047823,-15.211502,-1.6131,105,stop
SOLUSDT-1786789800000,SOLUSDT,15m,LONG,BREAKOUT_RETEST,in-sample,0.55,1786789800000,2026-08-15T10:30:00.000Z,1786833000000,2026-08-15T22:30:00.000Z,75.347655,75.57219500000001,74.80956,76.06066,76.5611,25.38358452,1912.5936,0.5,0.1329,true,,12.7,3.830887,1.915445,0.293431,1.575312,0.124,720,time
BTCUSDT-1786791600000,BTCUSDT,15m,LONG,BREAKOUT_RETEST,in-sample,0.55,1786791600000,2026-08-15T11:00:00.000Z,1786834800000,2026-08-15T23:00:00.000Z,63076.5225,63097.30556500001,62590.612080000006,63726.58187999999,64180.969799999984,0.03030499,1911.5334,0.5,0.1441,true,,13.77,3.823697,1.911849,0.292695,-3.486561,-0.2532,720,time
ETHUSDT-1786799700000,ETHUSDT,15m,LONG,BREAKOUT_RETEST,in-sample,0.55,1786799700000,2026-08-15T13:15:00.000Z,1786842900000,2026-08-16T01:15:00.000Z,1884.9520049999999,1879.63971,1865.7072,1911.4642,1929.7669999999998,1.01415427,1911.6321,0.5,0.1943,true,,18.56,3.817877,1.908938,0.292534,-9.497898,-0.5117,720,time
SOLUSDT-1786848300000,SOLUSDT,15m,LONG,BREAKOUT_RETEST,in-sample,0.55,1786848300000,2026-08-16T02:45:00.000Z,1786872600000,2026-08-16T09:30:00.000Z,75.687825,75.24004116,75.27768,76.20848000000001,76.58080000000001,25.23933802,1910.3106,0.5,0.0984,true,,9.4,3.809319,1.904657,0.166653,-15.27774,-1.6253,405,stop
BTCUSDT-1786849200000,BTCUSDT,15m,LONG,BREAKOUT_RETEST,in-sample,0.55,1786849200000,2026-08-16T03:00:00.000Z,1786892400000,2026-08-16T15:00:00.000Z,63152.86065,63076.086180000006,62664.72444,63806.163340000014,64262.73890000001,0.03022746,1908.9506,0.5,0.1447,true,,13.8,3.81558,1.90779,0.291865,-6.428143,-0.4658,720,time
ETHUSDT-1786872600000,ETHUSDT,15m,LONG,BREAKOUT_RETEST,in-sample,0.55,1786872600000,2026-08-16T09:30:00.000Z,1786915800000,2026-08-16T21:30:00.000Z,1882.7909249999998,1868.7862194600002,1869.72108,1900.0433799999996,1912.1722999999997,1.01280555,1906.9011,0.5,0.1289,true,,12.28,3.799618,1.899806,0.292058,-18.27572,-1.4883,720,stop
BTCUSDT-1786930200000,BTCUSDT,15m,LONG,BREAKOUT_RETEST,in-sample,0.55,1786930200000,2026-08-17T01:30:00.000Z,1786973400000,2026-08-17T13:30:00.000Z,63150.989714999996,63631.04248304001,63150.989714999996,63673.37784,64042.67640000001,0.03012321,1902.3105,0.5,0.117,true,,11.12,3.819082,1.909545,0.206121,10.435527,0.9384,720,time
SOLUSDT-1787000400000,SOLUSDT,15m,LONG,BREAKOUT_RETEST,in-sample,0.55,1787000400000,2026-08-17T21:00:00.000Z,1787017500000,2026-08-18T01:45:00.000Z,76.02799499999999,75.60837690000001,75.64620000000001,76.50569999999998,76.84949999999996,25.04864727,1904.3984,0.5,0.0905,true,,8.61,3.798286,1.899141,0.118816,-14.427968,-1.6757,285,stop
ETHUSDT-1787010300000,ETHUSDT,15m,LONG,BREAKOUT_RETEST,in-sample,0.55,1787010300000,2026-08-17T23:45:00.000Z,1787016600000,2026-08-18T01:30:00.000Z,1913.506275,1903.9075300200002,1904.85996,1924.0850599999999,1931.7750999999998,0.99465718,1903.2828,0.5,0.0804,true,,7.65,3.797018,1.898507,0.047485,-13.391964,-1.7506,105,stop
BTCUSDT-1787130000000,BTCUSDT,15m,LONG,BREAKOUT_RETEST,in-sample,0.55,1787130000000,2026-08-19T09:00:00.000Z,1787151600000,2026-08-19T15:00:00.000Z,64448.08793999999,65639.93249556,64448.08793999999,65358.54665999999,65986.9911,0.02946296,1898.8314,0.5,0.1951,true,,18.52,3.832778,1.916398,0.137106,31.145384,1.6817,360,tp2
BTCUSDT-1787476500000,BTCUSDT,15m,LONG,BREAKOUT_RETEST,out-of-sample,0.55,1787476500000,2026-08-23T09:15:00.000Z,1787490900000,2026-08-23T13:15:00.000Z,76618.29,77296.61947644,76618.29,77146.46534,77524.10889999999,0.02486435,1905.064,0.5,0.0986,true,,9.39,3.826994,1.913502,0.077677,12.961551,1.3804,240,tp2
ETHUSDT-1787744700000,ETHUSDT,15m,LONG,BREAKOUT_RETEST,out-of-sample,0.55,1787744700000,2026-08-26T11:45:00.000Z,1787747400000,2026-08-26T12:30:00.000Z,2463.33105,2443.5890742600004,2444.8114800000003,2488.0327799999995,2505.3212999999987,0.77442188,1907.6575,0.5,0.1404,true,,13.39,3.800026,1.90001,0.023837,-19.112481,-1.4274,45,stop
ETHUSDT-1787898600000,ETHUSDT,15m,LONG,BREAKOUT_RETEST,out-of-sample,0.55,1787898600000,2026-08-28T06:30:00.000Z,1787925600000,2026-08-28T14:00:00.000Z,2502.2504999999996,2477.57551254,2478.81492,2534.2776200000003,2556.4627000000005,0.7608483,1903.833,0.5,0.1774,true,,16.88,3.788892,1.894442,0.184077,-22.746891,-1.3476,450,stop
BTCUSDT-1788061500000,BTCUSDT,15m,LONG,BREAKOUT_RETEST,out-of-sample,0.55,1788061500000,2026-08-30T03:45:00.000Z,1788104700000,2026-08-30T15:45:00.000Z,78230.0955,78756.1612205,78230.0955,78769.20799999998,79154.68,0.02427814,1899.2812,0.5,0.0986,true,,9.36,3.811334,1.905671,0.252375,8.708188,0.9304,720,time
ETHUSDT-1788155100000,ETHUSDT,15m,LONG,BREAKOUT_RETEST,out-of-sample,0.55,1788155100000,2026-08-31T05:45:00.000Z,1788186600000,2026-08-31T14:30:00.000Z,2436.727755,2459.759505000001,2436.727755,2454.620000000001,2467.3600000000006,0.78015441,1901.0239,0.5,0.1046,true,,9.94,3.820016,1.910013,0.157964,13.990341,1.4075,525,tp2
SOLUSDT-1788155100000,SOLUSDT,15m,LONG,BREAKOUT_RETEST,out-of-sample,0.65,1788155100000,2026-08-31T05:45:00.000Z,1788179400000,2026-08-31T12:30:00.000Z,102.581265,102.99844751375001,102.581265,103.51868,104.1778,18.53188208,1901.0239,0.5,0.1286,true,,12.21,3.809779,1.904892,0.146218,3.77518,0.3092,405,stop
BTCUSDT-1788189300000,BTCUSDT,15m,LONG,BREAKOUT_RETEST,out-of-sample,0.55,1788189300000,2026-08-31T15:15:00.000Z,1788228000000,2026-09-01T02:00:00.000Z,78359.15999999999,78686.07128299998,78359.15999999999,79091.70799999998,79606.18,0.02430576,1904.5789,0.5,0.1314,true,,12.5,3.817104,1.908554,0.167489,3.961234,0.3169,645,stop
BTCUSDT-1788273000000,BTCUSDT,15m,LONG,BREAKOUT_RETEST,out-of-sample,0.65,1788273000000,2026-09-01T14:30:00.000Z,1788274800000,2026-09-01T15:00:00.000Z,78295.97842500001,77835.20536878,77874.14244,78830.91134000002,79213.61890000003,0.0243355,1905.3718,0.5,0.0978,true,,9.31,3.79953,1.899763,0.017825,-15.030498,-1.6144,30,stop
SOLUSDT-1788319800000,SOLUSDT,15m,LONG,BREAKOUT_RETEST,out-of-sample,0.65,1788319800000,2026-09-02T03:30:00.000Z,1788321600000,2026-09-02T04:00:00.000Z,100.63028999999999,99.89862570000001,99.9486,101.52709999999999,102.1585,18.9044852,1902.3638,0.5,0.1256,true,,11.94,3.790896,1.895445,0.017755,-17.640388,-1.4774,30,stop
BTCUSDT-1788435900000,BTCUSDT,15m,LONG,BREAKOUT_RETEST,out-of-sample,0.55,1788435900000,2026-09-03T11:45:00.000Z,1788442200000,2026-09-03T13:30:00.000Z,77969.84544,78640.66231884004,77969.84544,78492.72174000002,78867.28290000003,0.02435344,1898.834,0.5,0.0961,true,,9.12,3.814005,1.907007,0.038732,12.483962,1.3689,105,tp2
SOLUSDT-1788435900000,SOLUSDT,15m,LONG,BREAKOUT_RETEST,out-of-sample,0.55,1788435900000,2026-09-03T11:45:00.000Z,1788446700000,2026-09-03T14:45:00.000Z,100.940445,102.7214136,100.940445,102.3021,103.24350000000001,18.81142872,1898.834,0.5,0.1866,true,,17.71,3.831171,1.915594,0.071709,29.599684,1.6714,180,tp2
ETHUSDT-1788453000000,ETHUSDT,15m,SHORT,BEARISH_DIVERGENCE,out-of-sample,0.8,1788453000000,2026-09-03T16:30:00.000Z,1788455700000,2026-09-03T17:15:00.000Z,2490.27424,2501.08943976,2499.83952,2479.04072,2470.7212,0.76511598,1905.3486,0.5,0.0668,true,,6.37,3.818972,1.909484,0.023865,-12.11772,-1.9023,45,stop
ETHUSDT-1788633000000,ETHUSDT,15m,SHORT,BEARISH_DIVERGENCE,out-of-sample,0.8,1788633000000,2026-09-05T18:30:00.000Z,1788656400000,2026-09-06T01:00:00.000Z,2475.0618500000005,2496.7901712,2495.5424,2447.4364000000005,2428.1940000000013,0.76883989,1902.9263,0.5,0.1554,true,,14.79,3.822558,1.911275,0.161022,-20.68918,-1.3989,390,stop
SOLUSDT-1788633000000,SOLUSDT,15m,SHORT,BEARISH_DIVERGENCE,out-of-sample,0.8,1788633000000,2026-09-05T18:30:00.000Z,1788661800000,2026-09-06T02:30:00.000Z,103.778085,104.62892831999999,104.57664,102.71003999999999,101.96340000000001,18.33649455,1902.9263,0.5,0.1438,true,,13.69,3.821454,1.910724,0.195882,-19.61882,-1.4331,480,stop
BTCUSDT-1788759900000,BTCUSDT,15m,LONG,BREAKOUT_RETEST,out-of-sample,0.65,1788759900000,2026-09-07T05:45:00.000Z,1788766200000,2026-09-07T07:30:00.000Z,79899.919995,79220.01833592002,79259.64816000001,80760.50276,81360.84459999998,0.02373925,1896.7642,0.5,0.1503,true,,14.25,3.777388,1.88869,0.047253,-19.964996,-1.4011,105,stop
SOLUSDT-1788811200000,SOLUSDT,15m,LONG,BREAKOUT_RETEST,out-of-sample,0.55,1788811200000,2026-09-07T20:00:00.000Z,1788820200000,2026-09-07T22:30:00.000Z,104.41217999999999,103.34306262000001,103.39476,105.80785999999999,106.77309999999999,18.12786153,1892.7695,0.5,0.185,true,,17.5,3.766158,1.883075,0.064749,-23.211719,-1.3264,150,stop
BTCUSDT-1788880500000,BTCUSDT,15m,LONG,BREAKOUT_RETEST,out-of-sample,0.65,1788880500000,2026-09-08T15:15:00.000Z,1788923700000,2026-09-09T03:15:00.000Z,78679.31999999999,78539.41065,77874.14244,79788.78634,80554.64390000001,0.02399773,1888.1251,0.5,0.1948,true,,18.38,3.772893,1.886446,0.282971,-7.41337,-0.4033,720,time
ETHUSDT-1788880500000,ETHUSDT,15m,LONG,BREAKOUT_RETEST,out-of-sample,0.65,1788880500000,2026-09-08T15:15:00.000Z,1788923700000,2026-09-09T03:15:00.000Z,2490.094425,2486.43616,2471.66364,2514.6295399999995,2531.815899999999,0.75825433,1888.1249,0.5,0.1381,true,,13.03,3.773476,1.886738,0.283184,-6.830555,-0.5242,720,time
SOLUSDT-1788909300000,SOLUSDT,15m,LONG,BREAKOUT_RETEST,out-of-sample,0.55,1788909300000,2026-09-08T23:15:00.000Z,1788937200000,2026-09-09T07:00:00.000Z,103.4517,104.45382696,103.4517,104.22955999999999,104.7826,18.22086716,1884.9797,0.5,0.107,true,,10.08,3.788219,1.894115,0.153592,14.317811,1.4204,465,tp2
ETHUSDT-1788956100000,ETHUSDT,15m,LONG,BREAKOUT_RETEST,out-of-sample,0.55,1788956100000,2026-09-09T12:15:00.000Z,1788966000000,2026-09-09T15:00:00.000Z,2502.360555,2478.71038482,2479.95036,2532.8494600000004,2554.009100000001,0.75454341,1888.1397,0.5,0.1692,true,,15.97,3.758434,1.879213,0.070874,-21.674389,-1.3572,165,stop
BTCUSDT-1789010100000,BTCUSDT,15m,LONG,BREAKOUT_RETEST,out-of-sample,0.55,1789010100000,2026-09-10T03:15:00.000Z,1789036200000,2026-09-10T10:30:00.000Z,78418.36958999999,77835.20536878,77874.14244,79136.73633999999,79641.77389999999,0.02402247,1883.8029,0.5,0.1289,true,,12.13,3.753597,1.876795,0.176171,-17.938813,-1.4789,435,stop
SOLUSDT-1789010100000,SOLUSDT,15m,LONG,BREAKOUT_RETEST,out-of-sample,0.55,1789010100000,2026-09-10T03:15:00.000Z,1789024500000,2026-09-10T07:15:00.000Z,101.980965,101.27241846000001,101.32308,102.84038000000001,103.44730000000001,18.47210032,1883.8026,0.5,0.1191,true,,11.21,3.754517,1.877256,0.099971,-16.942831,-1.5114,240,stop
ETHUSDT-1789060500000,ETHUSDT,15m,LONG,BREAKOUT_RETEST,out-of-sample,0.55,1789060500000,2026-09-10T17:15:00.000Z,1789078500000,2026-09-10T22:15:00.000Z,2454.676725,2463.08244519875,2454.676725,2473.9524799999995,2487.6207999999992,0.76459062,1876.8228,0.5,0.1114,true,,10.45,3.760073,1.880038,0.067671,2.599191,0.2487,300,stop
BTCUSDT-1789131600000,BTCUSDT,15m,LONG,BREAKOUT_RETEST,out-of-sample,0.55,1789131600000,2026-09-11T13:00:00.000Z,1789133400000,2026-09-11T13:30:00.000Z,78069.89544000001,77415.23294004002,77453.95992000001,78896.26011999999,79473.1802,0.02404695,1877.3429,0.5,0.1479,true,,13.87,3.738943,1.869468,0.017518,-19.499098,-1.4058,30,stop
SOLUSDT-1789158600000,SOLUSDT,15m,LONG,BREAKOUT_RETEST,out-of-sample,0.55,1789158600000,2026-09-11T20:30:00.000Z,1789159500000,2026-09-11T20:45:00.000Z,102.561255,101.96926986000001,102.02028,103.24458000000001,103.73430000000002,18.26655814,1873.4411,0.5,0.0955,true,,8.95,3.736069,1.868032,0.011707,-14.561306,-1.627,15,stop
ETHUSDT-1789196400000,ETHUSDT,15m,LONG,BREAKOUT_RETEST,out-of-sample,0.55,1789196400000,2026-09-12T07:00:00.000Z,1789239600000,2026-09-12T19:00:00.000Z,2520.7697550000003,2521.6985200000004,2496.34452,2554.2582200000006,2577.4237000000003,0.74204612,1870.5274,0.5,0.1839,true,,17.19,3.741744,1.870873,0.28777,-3.340328,-0.1943,720,time
ETHUSDT-1789309800000,ETHUSDT,15m,LONG,BREAKOUT_RETEST,out-of-sample,0.55,1789309800000,2026-09-13T14:30:00.000Z,1789336800000,2026-09-13T22:00:00.000Z,2492.00538,2498.240175040001,2492.00538,2506.974460000001,2517.784100000001,0.75034309,1869.859,0.5,0.0868,true,,8.11,3.744396,1.8722,0.1232,0.810639,0.1,450,stop
ETHUSDT-1789404300000,ETHUSDT,15m,LONG,BREAKOUT_RETEST,out-of-sample,0.55,1789404300000,2026-09-14T16:45:00.000Z,1789416000000,2026-09-14T20:00:00.000Z,2523.911325,2556.4724043600013,2523.911325,2548.9759600000007,2566.526600000001,0.74092192,1870.0212,0.5,0.1391,true,,13,3.764168,1.88209,0.073421,20.287629,1.5606,195,tp2
BTCUSDT-1789413300000,BTCUSDT,15m,SHORT,BEARISH_DIVERGENCE,out-of-sample,0.8,1789413300000,2026-09-14T19:15:00.000Z,1789448400000,2026-09-15T05:00:00.000Z,79036.74186000001,77803.24554167998,79036.74186000001,78092.34251999999,77436.38419999999,0.02365486,1869.6031,0.5,0.1659,true,,15.52,3.710028,1.855022,0.176889,25.291266,1.6296,585,tp2
BTCUSDT-1789495200000,BTCUSDT,15m,LONG,BREAKOUT_RETEST,out-of-sample,0.55,1789495200000,2026-09-15T18:00:00.000Z,1789496100000,2026-09-15T18:15:00.000Z,77003.06229,76539.17127,76577.46,77545.26,77932.37999999999,0.02440347,1879.1419,0.5,0.1006,true,,9.45,3.746963,1.873479,0.011728,-15.079242,-1.5957,15,stop
BTCUSDT-1789584300000,BTCUSDT,15m,LONG,BREAKOUT_RETEST,out-of-sample,0.55,1789584300000,2026-09-16T18:45:00.000Z,1789584300000,2026-09-16T18:45:00.000Z,76011.16659,75662.5322088,75700.38239999999,76382.37640000001,76655.174,0.02468222,1876.1243,0.5,0.0718,true,,6.73,3.743644,1.87182,0.005834,-12.354548,-1.8357,0,stop
ETHUSDT-1789584300000,ETHUSDT,15m,LONG,BREAKOUT_RETEST,out-of-sample,0.55,1789584300000,2026-09-16T18:45:00.000Z,1789584300000,2026-09-16T18:45:00.000Z,2410.70475,2394.6900160200003,2395.88796,2429.91806,2443.5301,0.77824719,1876.1242,0.5,0.113,true,,10.59,3.739785,1.86989,0.005833,-16.209039,-1.5306,0,stop
BTCUSDT-1789602300000,BTCUSDT,15m,LONG,BREAKOUT_RETEST,out-of-sample,0.65,1789602300000,2026-09-16T23:45:00.000Z,1789645500000,2026-09-17T11:45:00.000Z,76250.576235,76446.73751,75700.38239999999,76980.60140000001,77492.68900000004,0.02452976,1870.4083,0.5,0.1344,true,,12.56,3.745628,1.872816,0.281242,0.784918,0.0625,720,time
ETHUSDT-1789694100000,ETHUSDT,15m,LONG,BREAKOUT_RETEST,out-of-sample,0.55,1789694100000,2026-09-18T01:15:00.000Z,1789714800000,2026-09-18T07:00:00.000Z,2451.9453599999997,2484.9190789199993,2451.9453599999997,2477.3016199999993,2495.0226999999995,0.76289045,1870.5657,0.5,0.1446,true,,13.52,3.766287,1.88315,0.097199,21.29185,1.5748,345,tp2
BTCUSDT-1789695900000,BTCUSDT,15m,LONG,BREAKOUT_RETEST,out-of-sample,0.55,1789695900000,2026-09-18T01:45:00.000Z,1789701300000,2026-09-18T03:15:00.000Z,76733.34749999999,77309.08867871997,76733.34749999999,77184.57191999999,77510.95319999996,0.02437486,1870.3646,0.5,0.0851,true,,7.96,3.754763,1.877385,0.038116,10.240732,1.2865,90,tp2
BTCUSDT-1789898400000,BTCUSDT,15m,LONG,BREAKOUT_RETEST,out-of-sample,0.55,1789898400000,2026-09-20T10:00:00.000Z,1789941600000,2026-09-20T22:00:00.000Z,80510.24500499999,81343.074566775,80510.24500499999,81472.53289999999,82140.88149999999,0.02331225,1876.875,0.5,0.1661,true,,15.58,3.773165,1.886588,0.223567,15.418399,0.9896,720,time
