id,symbol,timeframe,direction,setup_type,sample,confidence,entry_ts,entry_utc,exit_ts,exit_utc,entry_price,exit_price,initial_stop_loss,stop_loss,take_profit_1,take_profit_2,quantity,notional,intended_risk_pct,actual_risk_pct,notional_cap_applied,binding_constraint,risk_amount,fees,slippage,funding,realized_pnl,r_multiple,holding_minutes,exit_reason
BTCUSDT-1782291600000,BTCUSDT,15m,LONG,BREAKOUT_RETEST,in-sample,0.55,1782291600000,2026-06-24T09:00:00.000Z,1782306000000,2026-06-24T13:00:00.000Z,62831.67013499999,62180.58799308,62211.69384,62211.69384,63683.13423999999,64271.71039999999,0.031847,2001.0002,0.5,0.1874,true,notional-cap,18.74,3.981265,1.990628,0.105951,-24.822229,-1.3246,240,stop
ETHUSDT-1782394200000,ETHUSDT,15m,LONG,BREAKOUT_RETEST,in-sample,0.55,1782394200000,2026-06-25T13:30:00.000Z,1782394200000,2026-06-25T13:30:00.000Z,1635.3172499999998,1627.0783338600002,1627.89228,1627.89228,1644.41158,1651.0193,1.2205785,1996.0331,0.5,0.0809,true,notional-cap,8.07,3.98201,1.991003,0.006075,-14.044329,-1.7403,0,stop
SOLUSDT-1782446400000,SOLUSDT,15m,LONG,BREAKOUT_RETEST,in-sample,0.55,1782446400000,2026-06-26T04:00:00.000Z,1782454500000,2026-06-26T06:15:00.000Z,68.24410499999999,68.80094231999996,67.89732000000001,68.24410499999999,68.67901999999998,68.99169999999995,29.20725243,1993.2228,0.5,0.0917,true,notional-cap,9.13,4.002709,2.001359,0.062319,12.19866,1.3361,135,tp2
SOLUSDT-1782479700000,SOLUSDT,15m,LONG,BREAKOUT_RETEST,in-sample,0.55,1782479700000,2026-06-26T13:15:00.000Z,1782479700000,2026-06-26T13:15:00.000Z,68.97447,68.689638,68.724,68.724,69.26399999999998,69.47999999999999,28.93336844,1995.6638,0.5,0.0627,true,notional-cap,6.25,3.983086,1.991542,0.00622,-12.230455,-1.9569,0,stop
SOLUSDT-1782566100000,SOLUSDT,15m,LONG,BREAKOUT_RETEST,in-sample,0.55,1782566100000,2026-06-27T13:15:00.000Z,1782570600000,2026-06-27T14:30:00.000Z,72.29613,72.70211076000002,72.02076,72.29613,72.61886000000001,72.85810000000004,27.57016786,1993.2164,0.5,0.0662,true,notional-cap,6.6,3.997626,1.998816,0.031243,7.164089,1.0855,75,tp2
BTCUSDT-1782871200000,BTCUSDT,15m,LONG,BREAKOUT_RETEST,in-sample,0.55,1782871200000,2026-07-01T02:00:00.000Z,1782914400000,2026-07-01T14:00:00.000Z,58804.3875,59728.280920000005,58266,58804.3875,59538.5,60047.5,0.03392009,1994.6501,0.5,0.1732,true,notional-cap,17.27,4.020639,2.010328,0.305939,27.01197,1.5641,720,time
BTCUSDT-1783002600000,BTCUSDT,15m,SHORT,BEARISH_DIVERGENCE,in-sample,0.8,1783002600000,2026-07-02T14:30:00.000Z,1783045800000,2026-07-03T02:30:00.000Z,61642.423370000004,61390.67999999999,62210.35,62210.35,60867.62500000001,60330.53500000001,0.03241365,1998.0559,0.5,0.1742,true,notional-cap,17.41,3.987952,1.993979,0.305528,3.866441,0.2221,720,time
ETHUSDT-1783003500000,ETHUSDT,15m,SHORT,BEARISH_DIVERGENCE,in-sample,0.8,1783003500000,2026-07-02T14:45:00.000Z,1783003500000,2026-07-02T14:45:00.000Z,1694.5523000000003,1700.60179596,1699.75192,1699.75192,1688.8721200000005,1684.5202000000004,1.17946231,1998.6606,0.5,0.0513,true,notional-cap,5.13,4.004456,2.002227,0.006272,-11.14588,-2.1727,0,stop
SOLUSDT-1783179000000,SOLUSDT,15m,LONG,BREAKOUT_RETEST,in-sample,0.65,1783179000000,2026-07-04T15:30:00.000Z,1783206900000,2026-07-04T23:15:00.000Z,82.26110999999999,81.45197363999999,81.49271999999999,81.49271999999999,83.31092000000001,84.03820000000002,24.29578756,1998.5985,0.5,0.1769,true,notional-cap,17.67,3.977538,1.988765,0.199371,-23.835515,-1.3489,465,stop
SOLUSDT-1783403100000,SOLUSDT,15m,LONG,BREAKOUT_RETEST,in-sample,0.7,1783403100000,2026-07-07T05:45:00.000Z,1783430100000,2026-07-07T13:15:00.000Z,81.0405,81.37940994,80.46684,81.0405,81.79973999999999,82.3329,24.60287099,1993.829,0.5,0.1316,true,notional-cap,13.12,3.995996,1.998001,0.178209,4.163952,0.3174,450,stop
BTCUSDT-1783532700000,BTCUSDT,15m,LONG,BREAKOUT_RETEST,in-sample,0.65,1783532700000,2026-07-08T17:45:00.000Z,1783532700000,2026-07-08T17:45:00.000Z,62290.879875,62054.199059160004,62085.24168,62085.24168,62521.512480000005,62696.0208,0.03202174,1994.6624,0.5,0.0561,true,notional-cap,5.59,3.981746,1.990871,0.006215,-11.566892,-2.0692,0,stop
BTCUSDT-1783603800000,BTCUSDT,15m,LONG,BREAKOUT_RETEST,in-sample,0.55,1783603800000,2026-07-09T13:30:00.000Z,1783606500000,2026-07-09T14:15:00.000Z,62755.892264999995,62937.19356354875,62419.90764,62755.892264999995,63181.46354,63486.085900000005,0.03174758,1992.3477,0.5,0.0971,true,notional-cap,9.67,3.990451,1.995228,0.018741,1.746685,0.1806,45,stop
BTCUSDT-1783902600000,BTCUSDT,15m,LONG,BREAKOUT_RETEST,in-sample,0.55,1783902600000,2026-07-13T00:30:00.000Z,1783902600000,2026-07-13T00:30:00.000Z,64215.541724999995,63612.57780000001,63644.4,63644.4,64992.024999999994,65531.07499999998,0.03103138,1992.6969,0.5,0.168,true,notional-cap,16.73,3.966683,1.983337,0.006186,-22.683671,-1.3559,0,stop
BTCUSDT-1783928700000,BTCUSDT,15m,LONG,BREAKOUT_RETEST,in-sample,0.55,1783928700000,2026-07-13T07:45:00.000Z,1783945800000,2026-07-13T12:30:00.000Z,63005.94723,62635.751417520005,62667.08496,62667.08496,63435.52256,63742.8976,0.03155509,1988.1583,0.5,0.0976,true,notional-cap,9.7,3.964635,1.982315,0.124254,-15.770451,-1.6258,285,stop
ETHUSDT-1783928700000,ETHUSDT,15m,LONG,BREAKOUT_RETEST,in-sample,0.55,1783928700000,2026-07-13T07:45:00.000Z,1783938600000,2026-07-13T10:30:00.000Z,1788.4537799999998,1778.47427802,1779.36396,1779.36396,1799.8540600000001,1808.0501,1.11166314,1988.1581,0.5,0.0917,true,notional-cap,9.11,3.965222,1.982609,0.074451,-15.133518,-1.6612,165,stop
BTCUSDT-1783988100000,BTCUSDT,15m,LONG,BREAKOUT_RETEST,in-sample,0.55,1783988100000,2026-07-14T00:15:00.000Z,1784031300000,2026-07-14T12:15:00.000Z,62471.230005,62918.01533496,62185.269960000005,62471.230005,62822.12006,63076.86009999999,0.03172619,1981.9741,0.5,0.0816,true,notional-cap,8.08,3.978123,1.989066,0.214163,9.98251,1.2355,720,tp2
SOLUSDT-1784140200000,SOLUSDT,15m,LONG,BREAKOUT_RETEST,in-sample,0.65,1784140200000,2026-07-15T18:30:00.000Z,1784142900000,2026-07-15T19:15:00.000Z,77.99897999999999,77.43014556,77.46888,77.46888,78.69667999999999,79.18779999999998,25.43586806,1983.9718,0.5,0.126,true,notional-cap,12.49,3.953475,1.976734,0.024655,-18.446928,-1.4769,45,stop
SOLUSDT-1784181600000,SOLUSDT,15m,LONG,BREAKOUT_RETEST,in-sample,0.55,1784181600000,2026-07-16T06:00:00.000Z,1784183400000,2026-07-16T06:30:00.000Z,77.52874499999999,77.12153993999999,77.16011999999999,77.16011999999999,77.98482,78.3147,25.54253308,1980.2805,0.5,0.0851,true,notional-cap,8.43,3.95016,1.975078,0.018522,-14.369731,-1.7046,30,stop
BTCUSDT-1784211300000,BTCUSDT,15m,LONG,BREAKOUT_RETEST,in-sample,0.65,1784211300000,2026-07-16T14:15:00.000Z,1784221200000,2026-07-16T17:00:00.000Z,64667.327505,64194.94647,64227.06,64227.06,65246.93500000001,65654.88500000001,0.03057812,1977.4053,0.5,0.1262,true,notional-cap,12.47,3.940366,1.97018,0.067867,-18.452757,-1.4798,165,stop
SOLUSDT-1784211300000,SOLUSDT,15m,LONG,BREAKOUT_RETEST,in-sample,0.65,1784211300000,2026-07-16T14:15:00.000Z,1784221200000,2026-07-16T17:00:00.000Z,76.69833,75.94684758000001,75.98484,75.98484,77.67273999999998,78.34789999999998,25.78159329,1977.4052,0.5,0.1761,true,notional-cap,17.41,3.935436,1.967714,0.067707,-23.377557,-1.3428,165,stop
BTCUSDT-1784282400000,BTCUSDT,15m,LONG,BREAKOUT_RETEST,in-sample,0.65,1784282400000,2026-07-17T10:00:00.000Z,1784295000000,2026-07-17T13:30:00.000Z,63031.640069999994,62635.751417520005,62667.08496,62667.08496,63499.722559999995,63832.7776,0.03123883,1969.0347,0.5,0.1057,true,notional-cap,10.4,3.925702,1.962849,0.092378,-16.385178,-1.5755,210,stop
SOLUSDT-1784470500000,SOLUSDT,15m,LONG,BREAKOUT_RETEST,in-sample,0.65,1784470500000,2026-07-19T14:15:00.000Z,1784480400000,2026-07-19T17:00:00.000Z,76.308135,75.51878172,75.55656,75.55656,77.34015999999998,78.05359999999997,25.76076889,1965.7562,0.5,0.1871,true,notional-cap,18.38,3.911178,1.955584,0.073597,-24.319122,-1.3231,165,stop
SOLUSDT-1784619000000,SOLUSDT,15m,SHORT,BEARISH_DIVERGENCE,in-sample,0.8,1784619000000,2026-07-21T07:30:00.000Z,1784655900000,2026-07-21T17:45:00.000Z,78.52072000000001,77.70931524,79.00476,78.52072000000001,77.89286,77.4481,24.94793812,1958.9301,0.5,0.1132,true,notional-cap,11.1,3.897617,1.948814,0.216718,16.128541,1.453,615,tp2
ETHUSDT-1784626200000,ETHUSDT,15m,SHORT,BEARISH_DIVERGENCE,in-sample,0.65,1784626200000,2026-07-21T09:30:00.000Z,1784669400000,2026-07-21T21:30:00.000Z,1937.540745,1921.5053825549996,1954.4165200000002,1937.540745,1914.6502199999995,1898.7436999999995,1.01125037,1959.3388,0.5,0.1641,true,notional-cap,16.09,3.902462,1.951235,0.253322,12.059982,0.7495,720,time
ETHUSDT-1784799000000,ETHUSDT,15m,LONG,BREAKOUT_RETEST,in-sample,0.65,1784799000000,2026-07-23T09:30:00.000Z,1784809800000,2026-07-23T12:30:00.000Z,1930.274655,1912.39916208,1913.35584,1913.35584,1953.2412399999998,1969.1954,1.01878274,1966.5305,0.5,0.1654,true,notional-cap,16.25,3.91485,1.957421,0.079656,-22.20575,-1.3665,180,stop
ETHUSDT-1785007800000,ETHUSDT,15m,SHORT,BEARISH_DIVERGENCE,in-sample,0.8,1785007800000,2026-07-25T19:30:00.000Z,1785039300000,2026-07-26T04:15:00.000Z,1874.4822900000001,1885.61097432,1884.66864,1884.66864,1861.54704,1852.2984000000001,1.04568927,1960.126,0.5,0.0986,true,notional-cap,9.67,3.931889,1.965942,0.220807,-15.789842,-1.6329,525,stop
ETHUSDT-1785045600000,ETHUSDT,15m,SHORT,BEARISH_DIVERGENCE,in-sample,0.72,1785045600000,2026-07-26T06:00:00.000Z,1785077100000,2026-07-26T14:45:00.000Z,1882.328365,1900.015533,1899.066,1899.066,1859.576,1843.7799999999997,1.03965369,1956.9696,0.5,0.1678,true,notional-cap,16.42,3.932328,1.96616,0.220564,-22.541421,-1.3728,525,stop
BTCUSDT-1785057300000,BTCUSDT,15m,LONG,BREAKOUT_RETEST,in-sample,0.55,1785057300000,2026-07-26T09:15:00.000Z,1785100500000,2026-07-26T21:15:00.000Z,64532.08991999999,64782.71244,64029.57312,64029.57312,65205.24031999999,65675.5072,0.03034387,1958.1533,0.5,0.1458,true,notional-cap,14.27,3.923912,1.961958,0.30034,3.380605,0.2369,720,time
SOLUSDT-1785078000000,SOLUSDT,15m,LONG,BREAKOUT_RETEST,in-sample,0.65,1785078000000,2026-07-26T15:00:00.000Z,1785104100000,2026-07-26T22:15:00.000Z,75.07752,75.98079060000003,74.55059999999999,75.07752,75.77410000000003,76.26350000000005,26.03595194,1954.7147,0.5,0.1304,true,notional-cap,12.74,3.932947,1.96648,0.113567,19.470996,1.5283,435,tp2
BTCUSDT-1785239100000,BTCUSDT,15m,LONG,BREAKOUT_RETEST,in-sample,0.55,1785239100000,2026-07-28T11:45:00.000Z,1785246300000,2026-07-28T13:45:00.000Z,63428.128215,62775.360618000006,62806.764,62806.764,64280.929,64870.594999999994,0.03088519,1958.9898,0.5,0.186,true,notional-cap,18.21,3.897819,1.948905,0.055042,-24.113712,-1.3242,120,stop
SOLUSDT-1785294000000,SOLUSDT,15m,LONG,BREAKOUT_RETEST,in-sample,0.55,1785294000000,2026-07-29T03:00:00.000Z,1785294900000,2026-07-29T03:15:00.000Z,73.71684,73.27890222,73.31556,73.31556,74.22666000000001,74.59110000000001,26.50906486,1954.1645,0.5,0.0989,true,notional-cap,9.66,3.89672,1.948357,0.012164,-15.518204,-1.6064,15,stop
BTCUSDT-1785348900000,BTCUSDT,15m,LONG,BREAKOUT_RETEST,in-sample,0.55,1785348900000,2026-07-29T18:15:00.000Z,1785348900000,2026-07-29T18:15:00.000Z,64367.167499999996,64005.472574340005,64037.49132,64037.49132,64781.26302,65078.7717,0.03031141,1951.0596,0.5,0.0925,true,notional-cap,9.02,3.891156,1.945576,0.006072,-14.860711,-1.6475,0,stop
ETHUSDT-1785348900000,ETHUSDT,15m,LONG,BREAKOUT_RETEST,in-sample,0.55,1785348900000,2026-07-29T18:15:00.000Z,1785348900000,2026-07-29T18:15:00.000Z,1917.7584,1906.0179942600003,1906.9714800000002,1906.9714800000002,1931.5427799999998,1941.3712999999993,1.01736449,1951.0593,0.5,0.1026,true,notional-cap,10,3.890174,1.945085,0.006066,-15.840512,-1.5841,0,stop
BTCUSDT-1785401100000,BTCUSDT,15m,LONG,BREAKOUT_RETEST,in-sample,0.55,1785401100000,2026-07-30T08:45:00.000Z,1785419100000,2026-07-30T13:45:00.000Z,64377.85284,64929.57633132001,64037.49132,64377.85284,64807.963019999996,65116.1517,0.03021095,1944.9161,0.5,0.0958,true,notional-cap,9.31,3.9065,1.953255,0.103755,12.657836,1.3596,300,tp2
SOLUSDT-1785402900000,SOLUSDT,15m,LONG,BREAKOUT_RETEST,in-sample,0.55,1785402900000,2026-07-30T09:15:00.000Z,1785446100000,2026-07-30T21:15:00.000Z,74.03699999999999,74.41277500000001,73.31556,73.31556,75.02665999999999,75.71109999999999,26.26142362,1944.317,0.5,0.185,true,notional-cap,17.97,3.898502,1.949254,0.299407,5.670477,0.3156,720,time
ETHUSDT-1785461400000,ETHUSDT,15m,LONG,BREAKOUT_RETEST,in-sample,0.55,1785461400000,2026-07-31T01:30:00.000Z,1785462300000,2026-07-31T01:45:00.000Z,1930.86495,1912.39916208,1913.35584,1913.35584,1954.7162400000002,1971.2604000000006,1.00917647,1948.5835,0.5,0.1715,true,notional-cap,16.7,3.878532,1.939262,0.012078,-22.525848,-1.3489,15,stop
ETHUSDT-1785545100000,ETHUSDT,15m,LONG,BREAKOUT_RETEST,in-sample,0.55,1785545100000,2026-08-01T00:45:00.000Z,1785588300000,2026-08-01T12:45:00.000Z,1867.9735199999998,1868.075495,1858.9144800000001,1858.9144800000001,1879.2282799999998,1887.3537999999994,1.04074069,1944.0761,0.5,0.087,true,notional-cap,8.46,3.888258,1.94413,0.297742,-4.079871,-0.4823,720,time
ETHUSDT-1785808800000,ETHUSDT,15m,LONG,BREAKOUT_RETEST,in-sample,0.55,1785808800000,2026-08-04T02:00:00.000Z,1785813300000,2026-08-04T03:15:00.000Z,1868.57382,1857.9850227600002,1858.9144800000001,1858.9144800000001,1880.72828,1889.4538,1.03996944,1943.2597,0.5,0.0934,true,notional-cap,9.07,3.875507,1.937751,0.036351,-14.923884,-1.6454,75,stop
SOLUSDT-1785808800000,SOLUSDT,15m,LONG,BREAKOUT_RETEST,in-sample,0.55,1785808800000,2026-08-04T02:00:00.000Z,1785827700000,2026-08-04T07:15:00.000Z,73.806885,73.23908214,73.27571999999999,73.27571999999999,74.51142,75.0057,26.32897563,1943.2597,0.5,0.134,true,notional-cap,13.01,3.87157,1.935782,0.133381,-18.954618,-1.4569,315,stop
ETHUSDT-1785842100000,ETHUSDT,15m,LONG,BREAKOUT_RETEST,in-sample,0.55,1785842100000,2026-08-04T11:15:00.000Z,1785850200000,2026-08-04T13:30:00.000Z,1867.91349,1872.5591370574998,1858.9144800000001,1867.91349,1879.0782799999997,1887.1437999999998,1.03670786,1936.4806,0.5,0.0864,true,notional-cap,8.36,3.877777,1.93889,0.042468,0.895933,0.1072,135,stop
BTCUSDT-1785933900000,BTCUSDT,15m,LONG,BREAKOUT_RETEST,in-sample,0.55,1785933900000,2026-08-05T12:45:00.000Z,1785934800000,2026-08-05T13:00:00.000Z,64502.245005,64130.24879502001,64162.32996,64162.32996,64931.530060000005,65239.2101,0.03002469,1936.6599,0.5,0.0954,true,notional-cap,9.24,3.862151,1.931073,0.012054,-15.043276,-1.6281,15,stop
ETHUSDT-1786132800000,ETHUSDT,15m,LONG,BREAKOUT_RETEST,in-sample,0.55,1786132800000,2026-08-07T20:00:00.000Z,1786176000000,2026-08-08T08:00:00.000Z,1919.8294349999999,1914.56224,1905.6468,1905.6468,1938.7047999999998,1951.9279999999997,1.0071987,1933.6497,0.5,0.1378,true,notional-cap,13.32,3.861994,1.930996,0.295455,-9.462561,-0.7104,720,time
ETHUSDT-1786179600000,ETHUSDT,15m,LONG,BREAKOUT_RETEST,in-sample,0.55,1786179600000,2026-08-08T09:00:00.000Z,1786222800000,2026-08-08T21:00:00.000Z,1917.85845,1919.609715,1905.6468,1905.6468,1933.7798000000003,1945.0330000000004,1.00724652,1931.7562,0.5,0.1174,true,notional-cap,11.33,3.865276,1.932639,0.290256,-2.391577,-0.2111,720,time
ETHUSDT-1786257900000,ETHUSDT,15m,LONG,BREAKOUT_RETEST,in-sample,0.55,1786257900000,2026-08-09T06:45:00.000Z,1786301100000,2026-08-09T18:45:00.000Z,1918.928985,1920.609215,1905.6468,1905.6468,1936.4548,1948.7780000000002,1.00643521,1931.2777,0.5,0.1285,true,notional-cap,12.4,3.864246,1.932124,0.296096,-2.4693,-0.1991,720,time
SOLUSDT-1786392000000,SOLUSDT,15m,LONG,BREAKOUT_RETEST,in-sample,0.55,1786392000000,2026-08-10T20:00:00.000Z,1786435200000,2026-08-11T08:00:00.000Z,76.21809,75.61217500000001,75.43704,75.43704,77.29444000000002,78.03740000000003,25.33235331,1930.7836,0.5,0.1951,true,notional-cap,18.82,3.846218,1.923106,0.295025,-19.490495,-1.0356,720,time
ETHUSDT-1786477500000,ETHUSDT,15m,LONG,BREAKOUT_RETEST,in-sample,0.55,1786477500000,2026-08-11T19:45:00.000Z,1786508100000,2026-08-12T04:15:00.000Z,1872.785925,1887.7131112799998,1863.4462800000001,1872.785925,1884.4555799999996,1892.8592999999994,1.02888617,1926.8835,0.5,0.0898,true,notional-cap,8.65,3.869125,1.934567,0.109005,11.380245,1.3156,510,tp2
BTCUSDT-1786480200000,BTCUSDT,15m,LONG,BREAKOUT_RETEST,in-sample,0.65,1786480200000,2026-08-11T20:30:00.000Z,1786523400000,2026-08-12T08:30:00.000Z,63706.837499999994,63745.931090000005,63200.06447999999,63200.06447999999,64387.40328000001,64862.33880000001,0.03026465,1928.0651,0.5,0.1492,true,notional-cap,14.37,3.857313,1.928657,0.295389,-2.969549,-0.2066,720,time
BTCUSDT-1786570200000,BTCUSDT,15m,LONG,BREAKOUT_RETEST,in-sample,0.55,1786570200000,2026-08-12T21:30:00.000Z,1786613400000,2026-08-13T09:30:00.000Z,63521.755005,63782.35201043001,63200.06447999999,63521.755005,63924.928280000015,64214.87380000002,0.03036072,1928.5662,0.5,0.0913,true,notional-cap,8.8,3.865044,1.932525,0.244414,3.802454,0.4321,720,time
ETHUSDT-1786626000000,ETHUSDT,15m,LONG,BREAKOUT_RETEST,in-sample,0.55,1786626000000,2026-08-13T13:00:00.000Z,1786634100000,2026-08-13T15:15:00.000Z,1890.074565,1892.0672256337502,1884.5814,1890.074565,1895.9529000000002,1900.5015000000003,1.02076787,1929.3274,0.5,0.0482,true,notional-cap,4.64,3.860689,1.930345,0.051293,-1.877937,-0.4047,135,stop
SOLUSDT-1786626000000,SOLUSDT,15m,LONG,BREAKOUT_RETEST,in-sample,0.55,1786626000000,2026-08-13T13:00:00.000Z,1786635900000,2026-08-13T15:45:00.000Z,76.17806999999999,75.60837690000001,75.64620000000001,75.64620000000001,76.88069999999999,77.37449999999998,25.32654592,1929.3274,0.5,0.1297,true,notional-cap,12.51,3.844226,1.92211,0.072382,-18.344967,-1.4664,165,stop
BTCUSDT-1786629600000,BTCUSDT,15m,LONG,BREAKOUT_RETEST,in-sample,0.55,1786629600000,2026-08-13T14:00:00.000Z,1786637700000,2026-08-13T16:15:00.000Z,63751.849995,63320.726478660006,63352.40268,63352.40268,64271.37097999999,64638.9583,0.03024044,1927.884,0.5,0.1154,true,notional-cap,11.12,3.842731,1.921363,0.060184,-16.94028,-1.5234,135,stop
BTCUSDT-1786723200000,BTCUSDT,15m,LONG,BREAKOUT_RETEST,in-sample,0.55,1786723200000,2026-08-14T16:00:00.000Z,1786766400000,2026-08-15T04:00:00.000Z,63021.494999999995,63068.440005000004,62590.612080000006,62590.612080000006,63589.08187999999,63988.469799999984,0.0304958,1921.8909,0.5,0.1268,true,notional-cap,12.18,3.845213,1.922608,0.288223,-2.701811,-0.2218,720,time
ETHUSDT-1786723200000,ETHUSDT,15m,LONG,BREAKOUT_RETEST,in-sample,0.65,1786723200000,2026-08-14T16:00:00.000Z,1786766400000,2026-08-15T04:00:00.000Z,1882.4907749999998,1882.69818,1865.7072,1865.7072,1905.3141999999998,1921.1569999999997,1.02092986,1921.891,0.5,0.1684,true,notional-cap,16.17,3.843994,1.921997,0.28811,-3.920358,-0.2424,720,time
SOLUSDT-1786723200000,SOLUSDT,15m,LONG,BREAKOUT_RETEST,in-sample,0.65,1786723200000,2026-08-14T16:00:00.000Z,1786729500000,2026-08-14T17:45:00.000Z,75.687825,75.24004116,75.27768,75.27768,76.20848000000001,76.58080000000001,25.39234064,1921.891,0.5,0.0984,true,notional-cap,9.45,3.832412,1.916204,0.047946,-15.250638,-1.6138,105,stop
SOLUSDT-1786789800000,SOLUSDT,15m,LONG,BREAKOUT_RETEST,in-sample,0.55,1786789800000,2026-08-15T10:30:00.000Z,1786833000000,2026-08-15T22:30:00.000Z,75.347655,75.57219500000001,74.80956,74.80956,76.06066,76.5611,25.44889136,1917.5143,0.5,0.1329,true,notional-cap,12.74,3.840743,1.920373,0.294186,1.579365,0.124,720,time
BTCUSDT-1786791600000,BTCUSDT,15m,LONG,BREAKOUT_RETEST,in-sample,0.55,1786791600000,2026-08-15T11:00:00.000Z,1786834800000,2026-08-15T23:00:00.000Z,63076.5225,63097.30556500001,62590.612080000006,62590.612080000006,63726.58187999999,64180.969799999984,0.03038296,1916.4515,0.5,0.1441,true,notional-cap,13.81,3.833534,1.916768,0.293448,-3.495531,-0.2531,720,time
ETHUSDT-1786799700000,ETHUSDT,15m,LONG,BREAKOUT_RETEST,in-sample,0.55,1786799700000,2026-08-15T13:15:00.000Z,1786842900000,2026-08-16T01:15:00.000Z,1884.9520049999999,1879.63971,1865.7072,1865.7072,1911.4642,1929.7669999999998,1.01676348,1916.5504,0.5,0.1943,true,notional-cap,18.61,3.827699,1.913849,0.293287,-9.522334,-0.5117,720,time
SOLUSDT-1786848300000,SOLUSDT,15m,LONG,BREAKOUT_RETEST,in-sample,0.55,1786848300000,2026-08-16T02:45:00.000Z,1786872600000,2026-08-16T09:30:00.000Z,75.687825,75.24004116,75.27768,75.27768,76.20848000000001,76.58080000000001,25.30427374,1915.2254,0.5,0.0984,true,notional-cap,9.42,3.81912,1.909558,0.167082,-15.317047,-1.626,405,stop
BTCUSDT-1786849200000,BTCUSDT,15m,LONG,BREAKOUT_RETEST,in-sample,0.55,1786849200000,2026-08-16T03:00:00.000Z,1786892400000,2026-08-16T15:00:00.000Z,63152.86065,63076.086180000006,62664.72444,62664.72444,63806.163340000014,64262.73890000001,0.03030523,1913.862,0.5,0.1447,true,notional-cap,13.84,3.825397,1.912699,0.292616,-6.444681,-0.4657,720,time
ETHUSDT-1786872600000,ETHUSDT,15m,LONG,BREAKOUT_RETEST,in-sample,0.55,1786872600000,2026-08-16T09:30:00.000Z,1786915800000,2026-08-16T21:30:00.000Z,1882.7909249999998,1868.7862194600002,1869.72108,1869.72108,1900.0433799999996,1912.1722999999997,1.01541129,1911.8072,0.5,0.1289,true,notional-cap,12.32,3.809394,1.904694,0.29281,-18.32274,-1.4872,720,stop
BTCUSDT-1786930200000,BTCUSDT,15m,LONG,BREAKOUT_RETEST,in-sample,0.55,1786930200000,2026-08-17T01:30:00.000Z,1786973400000,2026-08-17T13:30:00.000Z,63150.989714999996,63631.04248304,62750.13144,63150.989714999996,63673.37784,64042.67640000001,0.03020071,1907.2047,0.5,0.117,true,notional-cap,11.15,3.828907,1.914458,0.206651,10.462376,0.9383,720,time
SOLUSDT-1787000400000,SOLUSDT,15m,LONG,BREAKOUT_RETEST,in-sample,0.55,1787000400000,2026-08-17T21:00:00.000Z,1787017500000,2026-08-18T01:45:00.000Z,76.02799499999999,75.60837690000001,75.64620000000001,75.64620000000001,76.50569999999998,76.84949999999996,25.11309238,1909.2981,0.5,0.0905,true,notional-cap,8.63,3.808058,1.904027,0.119122,-14.465088,-1.6761,285,stop
ETHUSDT-1787010300000,ETHUSDT,15m,LONG,BREAKOUT_RETEST,in-sample,0.55,1787010300000,2026-08-17T23:45:00.000Z,1787016600000,2026-08-18T01:30:00.000Z,1913.506275,1903.9075300200002,1904.85996,1904.85996,1924.0850599999999,1931.7750999999998,0.99721623,1908.1795,0.5,0.0804,true,notional-cap,7.67,3.806787,1.903392,0.047608,-13.426419,-1.7505,105,stop
BTCUSDT-1787130000000,BTCUSDT,15m,LONG,BREAKOUT_RETEST,in-sample,0.55,1787130000000,2026-08-19T09:00:00.000Z,1787151600000,2026-08-19T15:00:00.000Z,64448.08793999999,65639.93249556,63787.43556,64448.08793999999,65358.54665999999,65986.9911,0.02953877,1903.7172,0.5,0.1951,true,notional-cap,18.56,3.84264,1.921329,0.137459,31.225523,1.6824,360,tp2
BTCUSDT-1787476500000,BTCUSDT,15m,LONG,BREAKOUT_RETEST,out-of-sample,0.55,1787476500000,2026-08-23T09:15:00.000Z,1787490900000,2026-08-23T13:15:00.000Z,76618.29,77296.61947644,76202.35644,76618.29,77146.46534,77524.10889999999,0.02492832,1909.9653,0.5,0.0986,true,notional-cap,9.41,3.83684,1.918425,0.077876,12.994898,1.381,240,tp2
ETHUSDT-1787744700000,ETHUSDT,15m,LONG,BREAKOUT_RETEST,out-of-sample,0.55,1787744700000,2026-08-26T11:45:00.000Z,1787747400000,2026-08-26T12:30:00.000Z,2463.33105,2443.5890742600004,2444.8114800000003,2444.8114800000003,2488.0327799999995,2505.3212999999987,0.77641431,1912.5655,0.5,0.1404,true,notional-cap,13.42,3.809803,1.904898,0.023898,-19.161654,-1.4278,45,stop
ETHUSDT-1787898600000,ETHUSDT,15m,LONG,BREAKOUT_RETEST,out-of-sample,0.55,1787898600000,2026-08-28T06:30:00.000Z,1787925600000,2026-08-28T14:00:00.000Z,2502.2504999999996,2477.57551254,2478.81492,2478.81492,2534.2776200000003,2556.4627000000005,0.76280581,1908.7312,0.5,0.1774,true,notional-cap,16.92,3.79864,1.899316,0.184551,-22.805415,-1.3478,450,stop
BTCUSDT-1788061500000,BTCUSDT,15m,LONG,BREAKOUT_RETEST,out-of-sample,0.55,1788061500000,2026-08-30T03:45:00.000Z,1788104700000,2026-08-30T15:45:00.000Z,78230.0955,78756.1612205,77805.528,78230.0955,78769.20799999998,79154.68,0.02434061,1904.1682,0.5,0.0986,true,notional-cap,9.38,3.821141,1.910574,0.253024,8.730595,0.9308,720,time
ETHUSDT-1788155100000,ETHUSDT,15m,LONG,BREAKOUT_RETEST,out-of-sample,0.55,1788155100000,2026-08-31T05:45:00.000Z,1788186600000,2026-08-31T14:30:00.000Z,2436.727755,2459.759505000001,2422.77,2436.727755,2454.620000000001,2467.3600000000006,0.78216159,1905.9149,0.5,0.1046,true,notional-cap,9.96,3.829844,1.914927,0.15837,14.026336,1.4083,525,tp2
SOLUSDT-1788155100000,SOLUSDT,15m,LONG,BREAKOUT_RETEST,out-of-sample,0.65,1788155100000,2026-08-31T05:45:00.000Z,1788179400000,2026-08-31T12:30:00.000Z,102.581265,102.99844751375001,101.87088,102.581265,103.51868,104.1778,18.57956089,1905.9149,0.5,0.1286,true,notional-cap,12.25,3.819581,1.909793,0.146594,3.784893,0.309,405,stop
BTCUSDT-1788189300000,BTCUSDT,15m,LONG,BREAKOUT_RETEST,out-of-sample,0.55,1788189300000,2026-08-31T15:15:00.000Z,1788228000000,2026-09-01T02:00:00.000Z,78359.15999999999,78686.071283,77805.528,78359.15999999999,79091.70799999998,79606.18,0.02436829,1909.4787,0.5,0.1314,true,notional-cap,12.54,3.826924,1.913464,0.16792,3.971425,0.3167,645,stop
BTCUSDT-1788273000000,BTCUSDT,15m,LONG,BREAKOUT_RETEST,out-of-sample,0.65,1788273000000,2026-09-01T14:30:00.000Z,1788274800000,2026-09-01T15:00:00.000Z,78295.97842500001,77835.20536878,77874.14244,77874.14244,78830.91134000002,79213.61890000003,0.02439811,1910.2739,0.5,0.0978,true,notional-cap,9.34,3.809306,1.904651,0.017871,-15.069168,-1.6134,30,stop
SOLUSDT-1788319800000,SOLUSDT,15m,LONG,BREAKOUT_RETEST,out-of-sample,0.65,1788319800000,2026-09-02T03:30:00.000Z,1788321600000,2026-09-02T04:00:00.000Z,100.63028999999999,99.89862570000001,99.9486,99.9486,101.52709999999999,102.1585,18.95312264,1907.2582,0.5,0.1256,true,notional-cap,11.97,3.800649,1.900322,0.017801,-17.685773,-1.4775,30,stop
BTCUSDT-1788435900000,BTCUSDT,15m,LONG,BREAKOUT_RETEST,out-of-sample,0.55,1788435900000,2026-09-03T11:45:00.000Z,1788442200000,2026-09-03T13:30:00.000Z,77969.84544,78640.66231884003,77556.31883999999,77969.84544,78492.72174000002,78867.28290000003,0.0244161,1903.7195,0.5,0.0961,true,notional-cap,9.15,3.823818,1.911913,0.038832,12.516083,1.3679,105,tp2
SOLUSDT-1788435900000,SOLUSDT,15m,LONG,BREAKOUT_RETEST,out-of-sample,0.55,1788435900000,2026-09-03T11:45:00.000Z,1788446700000,2026-09-03T14:45:00.000Z,100.940445,102.7214136,99.9486,100.940445,102.3021,103.24350000000001,18.85982674,1903.7193,0.5,0.1866,true,notional-cap,17.75,3.841027,1.920523,0.071893,29.675838,1.6719,180,tp2
ETHUSDT-1788453000000,ETHUSDT,15m,SHORT,BEARISH_DIVERGENCE,out-of-sample,0.8,1788453000000,2026-09-03T16:30:00.000Z,1788455700000,2026-09-03T17:15:00.000Z,2490.27424,2501.08943976,2499.83952,2499.83952,2479.04072,2470.7212,0.76708447,1910.2507,0.5,0.0668,true,notional-cap,6.38,3.828798,1.914397,0.023927,-12.148896,-1.9042,45,stop
ETHUSDT-1788633000000,ETHUSDT,15m,SHORT,BEARISH_DIVERGENCE,out-of-sample,0.8,1788633000000,2026-09-05T18:30:00.000Z,1788656400000,2026-09-06T01:00:00.000Z,2475.0618500000005,2496.7901712,2495.5424,2495.5424,2447.4364000000005,2428.1940000000013,0.77081796,1907.8221,0.5,0.1554,true,notional-cap,14.83,3.832393,1.916193,0.161436,-20.742409,-1.3987,390,stop
SOLUSDT-1788633000000,SOLUSDT,15m,SHORT,BEARISH_DIVERGENCE,out-of-sample,0.8,1788633000000,2026-09-05T18:30:00.000Z,1788661800000,2026-09-06T02:30:00.000Z,103.778085,104.62892831999999,104.57664,104.57664,102.71003999999999,101.96340000000001,18.38367067,1907.8221,0.5,0.1438,true,notional-cap,13.73,3.831286,1.91564,0.196386,-19.669295,-1.4326,480,stop
BTCUSDT-1788759900000,BTCUSDT,15m,LONG,BREAKOUT_RETEST,out-of-sample,0.65,1788759900000,2026-09-07T05:45:00.000Z,1788766200000,2026-09-07T07:30:00.000Z,79899.919995,79220.01833592002,79259.64816000001,79259.64816000001,80760.50276,81360.84459999998,0.02380033,1901.6445,0.5,0.1503,true,notional-cap,14.29,3.787107,1.89355,0.047375,-20.016365,-1.4007,105,stop
SOLUSDT-1788811200000,SOLUSDT,15m,LONG,BREAKOUT_RETEST,out-of-sample,0.55,1788811200000,2026-09-07T20:00:00.000Z,1788820200000,2026-09-07T22:30:00.000Z,104.41217999999999,103.34306262000001,103.39476,103.39476,105.80785999999999,106.77309999999999,18.17450087,1897.6393,0.5,0.185,true,notional-cap,17.54,3.775848,1.88792,0.064915,-23.271438,-1.3268,150,stop
BTCUSDT-1788880500000,BTCUSDT,15m,LONG,BREAKOUT_RETEST,out-of-sample,0.65,1788880500000,2026-09-08T15:15:00.000Z,1788923700000,2026-09-09T03:15:00.000Z,78679.31999999999,78539.41065,77874.14244,77874.14244,79788.78634,80554.64390000001,0.02405947,1892.9827,0.5,0.1948,true,notional-cap,18.43,3.782599,1.891299,0.283699,-7.432443,-0.4033,720,time
ETHUSDT-1788880500000,ETHUSDT,15m,LONG,BREAKOUT_RETEST,out-of-sample,0.65,1788880500000,2026-09-08T15:15:00.000Z,1788923700000,2026-09-09T03:15:00.000Z,2490.094425,2486.43616,2471.66364,2471.66364,2514.6295399999995,2531.815899999999,0.76020516,1892.9826,0.5,0.1381,true,notional-cap,13.07,3.783184,1.891592,0.283912,-6.848128,-0.524,720,time
SOLUSDT-1788909300000,SOLUSDT,15m,LONG,BREAKOUT_RETEST,out-of-sample,0.55,1788909300000,2026-09-08T23:15:00.000Z,1788937200000,2026-09-09T07:00:00.000Z,103.4517,104.45382696,102.84696000000001,103.4517,104.22955999999999,104.7826,18.26774579,1889.8294,0.5,0.107,true,notional-cap,10.1,3.797965,1.898988,0.153987,14.354648,1.4213,465,tp2
ETHUSDT-1788956100000,ETHUSDT,15m,LONG,BREAKOUT_RETEST,out-of-sample,0.55,1788956100000,2026-09-09T12:15:00.000Z,1788966000000,2026-09-09T15:00:00.000Z,2502.360555,2478.71038482,2479.95036,2479.95036,2532.8494600000004,2554.009100000001,0.7564847,1892.9975,0.5,0.1692,true,notional-cap,16.01,3.768104,1.884048,0.071057,-21.730152,-1.3573,165,stop
BTCUSDT-1789010100000,BTCUSDT,15m,LONG,BREAKOUT_RETEST,out-of-sample,0.55,1789010100000,2026-09-10T03:15:00.000Z,1789036200000,2026-09-10T10:30:00.000Z,78418.36958999999,77835.20536878,77874.14244,77874.14244,79136.73633999999,79641.77389999999,0.02408427,1888.6492,0.5,0.1289,true,notional-cap,12.16,3.763253,1.881624,0.176624,-17.984962,-1.479,435,stop
SOLUSDT-1789010100000,SOLUSDT,15m,LONG,BREAKOUT_RETEST,out-of-sample,0.55,1789010100000,2026-09-10T03:15:00.000Z,1789024500000,2026-09-10T07:15:00.000Z,101.980965,101.27241846000001,101.32308,101.32308,102.84038000000001,103.44730000000001,18.51962532,1888.6493,0.5,0.1191,true,notional-cap,11.24,3.764177,1.882085,0.100228,-16.986421,-1.5112,240,stop
ETHUSDT-1789060500000,ETHUSDT,15m,LONG,BREAKOUT_RETEST,out-of-sample,0.55,1789060500000,2026-09-10T17:15:00.000Z,1789078500000,2026-09-10T22:15:00.000Z,2454.676725,2463.0824451987496,2439.78168,2454.676725,2473.9524799999995,2487.6207999999992,0.76655776,1881.6515,0.5,0.1114,true,notional-cap,10.48,3.769746,1.884875,0.067845,2.605878,0.2487,300,stop
BTCUSDT-1789131600000,BTCUSDT,15m,LONG,BREAKOUT_RETEST,out-of-sample,0.55,1789131600000,2026-09-11T13:00:00.000Z,1789133400000,2026-09-11T13:30:00.000Z,78069.89544000001,77415.23294004002,77453.95992000001,77453.95992000001,78896.26011999999,79473.1802,0.02410882,1882.1731,0.5,0.1479,true,notional-cap,13.91,3.748563,1.874278,0.017563,-19.549266,-1.4054,30,stop
SOLUSDT-1789158600000,SOLUSDT,15m,LONG,BREAKOUT_RETEST,out-of-sample,0.55,1789158600000,2026-09-11T20:30:00.000Z,1789159500000,2026-09-11T20:45:00.000Z,102.561255,101.96926986000001,102.02028,102.02028,103.24458000000001,103.73430000000002,18.31355433,1878.2611,0.5,0.0955,true,notional-cap,8.97,3.745681,1.872838,0.011737,-14.59877,-1.6275,15,stop
ETHUSDT-1789196400000,ETHUSDT,15m,LONG,BREAKOUT_RETEST,out-of-sample,0.55,1789196400000,2026-09-12T07:00:00.000Z,1789239600000,2026-09-12T19:00:00.000Z,2520.7697550000003,2521.6985200000004,2496.34452,2496.34452,2554.2582200000006,2577.4237000000003,0.74395525,1875.3399,0.5,0.1839,true,notional-cap,17.23,3.751371,1.875686,0.28851,-3.348922,-0.1944,720,time
ETHUSDT-1789309800000,ETHUSDT,15m,LONG,BREAKOUT_RETEST,out-of-sample,0.55,1789309800000,2026-09-13T14:30:00.000Z,1789336800000,2026-09-13T22:00:00.000Z,2492.00538,2498.240175040001,2479.95036,2492.00538,2506.974460000001,2517.784100000001,0.75227357,1874.6698,0.5,0.0868,true,notional-cap,8.13,3.75403,1.877017,0.123517,0.812725,0.1,450,stop
ETHUSDT-1789404300000,ETHUSDT,15m,LONG,BREAKOUT_RETEST,out-of-sample,0.55,1789404300000,2026-09-14T16:45:00.000Z,1789416000000,2026-09-14T20:00:00.000Z,2523.911325,2556.4724043600013,2505.0993599999997,2523.911325,2548.9759600000007,2566.526600000001,0.74282816,1874.8324,0.5,0.1391,true,notional-cap,13.04,3.773852,1.886933,0.07361,20.339825,1.5598,195,tp2
BTCUSDT-1789413300000,BTCUSDT,15m,SHORT,BEARISH_DIVERGENCE,out-of-sample,0.8,1789413300000,2026-09-14T19:15:00.000Z,1789448400000,2026-09-15T05:00:00.000Z,79036.74186000001,77803.24554167998,79732.23832,79036.74186000001,78092.34251999999,77436.38419999999,0.02371572,1874.4132,0.5,0.1659,true,notional-cap,15.56,3.719573,1.859794,0.177344,25.356336,1.6296,585,tp2
BTCUSDT-1789495200000,BTCUSDT,15m,LONG,BREAKOUT_RETEST,out-of-sample,0.55,1789495200000,2026-09-15T18:00:00.000Z,1789496100000,2026-09-15T18:15:00.000Z,77003.06229,76539.17127,76577.46,76577.46,77545.26,77932.37999999999,0.02446625,1883.9762,0.5,0.1006,true,notional-cap,9.47,3.756603,1.878299,0.011758,-15.118035,-1.5964,15,stop
BTCUSDT-1789584300000,BTCUSDT,15m,LONG,BREAKOUT_RETEST,out-of-sample,0.55,1789584300000,2026-09-16T18:45:00.000Z,1789584300000,2026-09-16T18:45:00.000Z,76011.16659,75662.5322088,75700.38239999999,75700.38239999999,76382.37640000001,76655.174,0.02474572,1880.951,0.5,0.0718,true,notional-cap,6.75,3.753275,1.876636,0.005849,-12.386333,-1.835,0,stop
ETHUSDT-1789584300000,ETHUSDT,15m,LONG,BREAKOUT_RETEST,out-of-sample,0.55,1789584300000,2026-09-16T18:45:00.000Z,1789584300000,2026-09-16T18:45:00.000Z,2410.70475,2394.6900160200003,2395.88796,2395.88796,2429.91806,2443.5301,0.78024947,1880.9511,0.5,0.113,true,notional-cap,10.62,3.749407,1.874701,0.005848,-16.250742,-1.5302,0,stop
BTCUSDT-1789602300000,BTCUSDT,15m,LONG,BREAKOUT_RETEST,out-of-sample,0.65,1789602300000,2026-09-16T23:45:00.000Z,1789645500000,2026-09-17T11:45:00.000Z,76250.576235,76446.73751,75700.38239999999,75700.38239999999,76980.60140000001,77492.68900000004,0.02459287,1875.2205,0.5,0.1344,true,notional-cap,12.59,3.755265,1.877634,0.281966,0.786938,0.0625,720,time
ETHUSDT-1789694100000,ETHUSDT,15m,LONG,BREAKOUT_RETEST,out-of-sample,0.55,1789694100000,2026-09-18T01:15:00.000Z,1789714800000,2026-09-18T07:00:00.000Z,2451.9453599999997,2484.9190789199993,2432.99892,2451.9453599999997,2477.3016199999993,2495.0226999999995,0.76485321,1875.3783,0.5,0.1446,true,notional-cap,13.55,3.775977,1.887995,0.097449,21.346629,1.5754,345,tp2
BTCUSDT-1789695900000,BTCUSDT,15m,LONG,BREAKOUT_RETEST,out-of-sample,0.55,1789695900000,2026-09-18T01:45:00.000Z,1789701300000,2026-09-18T03:15:00.000Z,76733.34749999999,77309.08867871997,76368.61872000001,76733.34749999999,77184.57191999999,77510.95319999996,0.02443757,1875.1766,0.5,0.0851,true,notional-cap,7.98,3.764423,1.882215,0.038214,10.267079,1.2866,90,tp2
BTCUSDT-1789898400000,BTCUSDT,15m,LONG,BREAKOUT_RETEST,out-of-sample,0.55,1789898400000,2026-09-20T10:00:00.000Z,1789941600000,2026-09-20T22:00:00.000Z,80510.24500499999,81343.074566775,79801.6614,80510.24500499999,81472.53289999999,82140.88149999999,0.02337223,1881.704,0.5,0.1661,true,notional-cap,15.62,3.782873,1.891442,0.224142,15.458069,0.9896,720,time
